
Node: 0ad7f4c9b2ae, Instance: IRIS

USER>

%SYS>

%SYS>

%SYS>

%SYS>

%SYS>

%SYS>

%SYS>

%SYS>

%SYS>

%SYS>

%SYS>

Load started on 08/25/2026 19:07:16
Loading file /usr/irissys/mgr/Temp/NbV2IjksQ00WIQ.xml as xml
Imported class: IPM.Installer
Compiling class IPM.Installer
Compiling routine IPM.Installer.1
Load finished successfully.

%SYS>

%SYS>

%SYS>

%SYS>

%SYS>

%SYS>

%SYS>

%SYS>

Version of IPM in current namespace: 
%SYS> [32mzpm [0m0.10.9

RUNNING command: "repo -delete-all"
[32mCommand "repo -delete-all" finished successfull[0m

RUNNING command: "repo -reset-defaults"
[33mWARNING: Using -password via the CLI is insecure. Use -password-stdin or -password-env.[0m
registry
	Source: 			https://pm.community.intersystems.com
	Enabled?			Yes
	Available?			Yes
	Use for Snapshots?		Yes
	Use for Prereleases?		Yes
	Is Read-Only?			No
	Default Deployment Registry? 	No

registry
	Source: 			https://pm.community.intersystems.com
	Enabled?			Yes
	Available?			Yes
	Use for Snapshots?		Yes
	Use for Prereleases?		Yes
	Is Read-Only?			No
	Default Deployment Registry? 	No

[32mCommand "repo -reset-defaults" finished successfull[0m

RUNNING command: "enable -map -repos -globally"
Version of IPM in current namespace: 
%SYS> [32mzpm [0m0.10.9
Skipping IPM mapping of %SYS - IPM already installed.
Mapping %IPM package in %SYS equivalently to IRISAPP
Mapping %IPM.* routines in %SYS equivalently to IRISAPP
Mapping %IPM package in %SYS equivalently to USER
Mapping %IPM.* routines in %SYS equivalently to USER
Skipping repository mapping of %SYS - IPM not mapped from source namespace.
Mapping IPM repository in %SYS equivalently to IRISAPP
Mapping IPM repository in %SYS equivalently to USER
Done.

[35m%SYS> [0m   [32mzpm[0m [39m0.10.9[0m
[35mIRISAPP> [0m[32mzpm[0m [39m0.10.9[0m
         [39mInstalled In: [0m%SYS 
[35mUSER> [0m   [32mzpm[0m [39m0.10.9[0m
         [39mInstalled In: [0m%SYS 
[39mhttps://pm.community.intersystems.com[0m - 1.0.0
[32mCommand "enable -map -repos -globally" finished successfull[0m
%SYS>

%SYS>

IRISAPP>

IRISAPP>

IRISAPP>

Building dependency graph...Done.
[IRISAPP|vscode-per-namespace-settings]	Initialize START
[IRISAPP|vscode-per-namespace-settings]	Initialize SUCCESS
[IRISAPP|vscode-per-namespace-settings]	Reload START (/usr/irissys/ipm/vscode-per-namespace-settings/1.0.0/)
[IRISAPP|vscode-per-namespace-settings]	Reload SUCCESS
[vscode-per-namespace-settings]	Module object refreshed.
[IRISAPP|vscode-per-namespace-settings]	Validate START
[IRISAPP|vscode-per-namespace-settings]	Validate SUCCESS
[IRISAPP|vscode-per-namespace-settings]	Compile START
[IRISAPP|vscode-per-namespace-settings]	Compile SUCCESS
[IRISAPP|vscode-per-namespace-settings]	Activate START
[IRISAPP|vscode-per-namespace-settings]	Configure START
Deleting class %Z.IPM.Bootstraps.Main
[IRISAPP|vscode-per-namespace-settings]	Configure SUCCESS
[IRISAPP|vscode-per-namespace-settings]	Activate SUCCESS
IRISAPP>

IRISAPP>

IRISAPP>

IRISAPP>

IRISAPP>

IRISAPP>

IRISAPP>

IRISAPP>

IRISAPP>

IRISAPP>

IRISAPP>

IRISAPP>

IRISAPP>

IRISAPP>

IRISAPP>

IRISAPP>

IRISAPP>

IRISAPP>

IRISAPP>

IRISAPP>

Load started on 08/25/2026 19:07:20
Loading file /home/irisowner/dev/module.xml as xml
Imported document: ai-hub-dev-template.ZPM
Load finished successfully.

Building dependency graph...Done.
Created inverted dependency graph from dependency graph
Constructed flat dependency list from inverted dependency graph
Starting installation of dependencies...

Load started on 08/25/2026 19:07:20
Loading file /home/irisowner/dev/module.xml as xml
Imported document: ai-hub-dev-template.ZPM
Load finished successfully.

Loading ai-hub-dev-template in process 1046
[IRISAPP|ai-hub-dev-template]	Initialize START
Skipping preload - directory does not exist.
[IRISAPP|ai-hub-dev-template]	Initialize SUCCESS
[IRISAPP|ai-hub-dev-template]	Reload START (/home/irisowner/dev/)
[IRISAPP|ai-hub-dev-template]	requirements.txt START

Detecting pip caller
Attempting to find flexible python... 
Attempting to find python3 or python...Success!
Running command=$lb("python3","-m","pip","install","-r","requirements.txt","-t","/usr/irissys/mgr/python/","--python-version","3.12.3","--only-binary=:all:")
Collecting fastmcp==3.2.4 (from -r requirements.txt (line 1))
  Using cached fastmcp-3.2.4-py3-none-any.whl.metadata (8.1 kB)
Collecting mcp==1.27.0 (from -r requirements.txt (line 2))
  Using cached mcp-1.27.0-py3-none-any.whl.metadata (8.2 kB)
Collecting pydantic==2.13.1 (from -r requirements.txt (line 3))
  Using cached pydantic-2.13.1-py3-none-any.whl.metadata (108 kB)
Collecting pydantic-core==2.46.1 (from -r requirements.txt (line 4))
  Using cached pydantic_core-2.46.1-cp312-cp312-manylinux_2_17_aarch64.manylinux2014_aarch64.whl.metadata (6.6 kB)
Collecting typing-extensions==4.15.0 (from -r requirements.txt (line 5))
  Using cached typing_extensions-4.15.0-py3-none-any.whl.metadata (3.3 kB)
Collecting authlib>=1.6.5 (from fastmcp==3.2.4->-r requirements.txt (line 1))
  Using cached authlib-1.7.2-py2.py3-none-any.whl.metadata (10 kB)
Collecting cyclopts>=4.0.0 (from fastmcp==3.2.4->-r requirements.txt (line 1))
  Using cached cyclopts-4.23.2-py3-none-any.whl.metadata (12 kB)
Collecting exceptiongroup>=1.2.2 (from fastmcp==3.2.4->-r requirements.txt (line 1))
  Using cached exceptiongroup-1.3.1-py3-none-any.whl.metadata (6.7 kB)
Collecting griffelib>=2.0.0 (from fastmcp==3.2.4->-r requirements.txt (line 1))
  Using cached griffelib-2.2.0-py3-none-any.whl.metadata (1.3 kB)
Collecting httpx<1.0,>=0.28.1 (from fastmcp==3.2.4->-r requirements.txt (line 1))
  Using cached httpx-0.28.1-py3-none-any.whl.metadata (7.1 kB)
Collecting jsonref>=1.1.0 (from fastmcp==3.2.4->-r requirements.txt (line 1))
  Using cached jsonref-1.1.0-py3-none-any.whl.metadata (2.7 kB)
Collecting jsonschema-path>=0.3.4 (from fastmcp==3.2.4->-r requirements.txt (line 1))
  Using cached jsonschema_path-0.5.0-py3-none-any.whl.metadata (8.1 kB)
Collecting openapi-pydantic>=0.5.1 (from fastmcp==3.2.4->-r requirements.txt (line 1))
  Using cached openapi_pydantic-0.5.1-py3-none-any.whl.metadata (10 kB)
Collecting opentelemetry-api>=1.20.0 (from fastmcp==3.2.4->-r requirements.txt (line 1))
  Using cached opentelemetry_api-1.44.0-py3-none-any.whl.metadata (1.4 kB)
Collecting packaging>=24.0 (from fastmcp==3.2.4->-r requirements.txt (line 1))
  Using cached packaging-26.3-py3-none-any.whl.metadata (3.5 kB)
Collecting platformdirs>=4.0.0 (from fastmcp==3.2.4->-r requirements.txt (line 1))
  Using cached platformdirs-4.11.4-py3-none-any.whl.metadata (5.5 kB)
Collecting py-key-value-aio<0.5.0,>=0.4.4 (from py-key-value-aio[filetree,keyring,memory]<0.5.0,>=0.4.4->fastmcp==3.2.4->-r requirements.txt (line 1))
  Using cached py_key_value_aio-0.4.5-py3-none-any.whl.metadata (16 kB)
Collecting pyperclip>=1.9.0 (from fastmcp==3.2.4->-r requirements.txt (line 1))
  Using cached pyperclip-1.11.0-py3-none-any.whl.metadata (2.4 kB)
Collecting python-dotenv>=1.1.0 (from fastmcp==3.2.4->-r requirements.txt (line 1))
  Using cached python_dotenv-1.2.3-py3-none-any.whl.metadata (29 kB)
Collecting pyyaml<7.0,>=6.0 (from fastmcp==3.2.4->-r requirements.txt (line 1))
  Using cached pyyaml-6.0.3-cp312-cp312-manylinux2014_aarch64.manylinux_2_17_aarch64.manylinux_2_28_aarch64.whl.metadata (2.4 kB)
Collecting rich>=13.9.4 (from fastmcp==3.2.4->-r requirements.txt (line 1))
  Using cached rich-15.0.0-py3-none-any.whl.metadata (18 kB)
Collecting uncalled-for>=0.2.0 (from fastmcp==3.2.4->-r requirements.txt (line 1))
  Using cached uncalled_for-0.4.0-py3-none-any.whl.metadata (4.4 kB)
Collecting uvicorn>=0.35 (from fastmcp==3.2.4->-r requirements.txt (line 1))
  Using cached uvicorn-0.52.4-py3-none-any.whl.metadata (6.6 kB)
Collecting watchfiles>=1.0.0 (from fastmcp==3.2.4->-r requirements.txt (line 1))
  Using cached watchfiles-1.2.0-cp312-cp312-manylinux_2_17_aarch64.manylinux2014_aarch64.whl.metadata (4.9 kB)
Collecting websockets>=15.0.1 (from fastmcp==3.2.4->-r requirements.txt (line 1))
  Using cached websockets-17.0.1-cp312-cp312-manylinux2014_aarch64.manylinux_2_17_aarch64.manylinux_2_28_aarch64.whl.metadata (6.3 kB)
Collecting anyio>=4.5 (from mcp==1.27.0->-r requirements.txt (line 2))
  Using cached anyio-4.14.2-py3-none-any.whl.metadata (4.6 kB)
Collecting httpx-sse>=0.4 (from mcp==1.27.0->-r requirements.txt (line 2))
  Using cached httpx_sse-0.4.3-py3-none-any.whl.metadata (9.7 kB)
Collecting jsonschema>=4.20.0 (from mcp==1.27.0->-r requirements.txt (line 2))
  Using cached jsonschema-4.26.0-py3-none-any.whl.metadata (7.6 kB)
Collecting pydantic-settings>=2.5.2 (from mcp==1.27.0->-r requirements.txt (line 2))
  Using cached pydantic_settings-2.15.0-py3-none-any.whl.metadata (3.9 kB)
Collecting pyjwt>=2.10.1 (from pyjwt[crypto]>=2.10.1->mcp==1.27.0->-r requirements.txt (line 2))
  Using cached pyjwt-2.13.0-py3-none-any.whl.metadata (3.4 kB)
Collecting python-multipart>=0.0.9 (from mcp==1.27.0->-r requirements.txt (line 2))
  Using cached python_multipart-0.0.32-py3-none-any.whl.metadata (2.1 kB)
Collecting sse-starlette>=1.6.1 (from mcp==1.27.0->-r requirements.txt (line 2))
  Using cached sse_starlette-3.4.8-py3-none-any.whl.metadata (15 kB)
Collecting starlette>=0.27 (from mcp==1.27.0->-r requirements.txt (line 2))
  Using cached starlette-1.6.0-py3-none-any.whl.metadata (6.4 kB)
Collecting typing-inspection>=0.4.1 (from mcp==1.27.0->-r requirements.txt (line 2))
  Using cached typing_inspection-0.4.4-py3-none-any.whl.metadata (2.6 kB)
Collecting annotated-types>=0.6.0 (from pydantic==2.13.1->-r requirements.txt (line 3))
  Using cached annotated_types-0.8.0-py3-none-any.whl.metadata (15 kB)
Collecting idna>=2.8 (from anyio>=4.5->mcp==1.27.0->-r requirements.txt (line 2))
  Using cached idna-3.19-py3-none-any.whl.metadata (9.2 kB)
Collecting cryptography (from authlib>=1.6.5->fastmcp==3.2.4->-r requirements.txt (line 1))
  Using cached cryptography-50.0.0-cp311-abi3-manylinux_2_34_aarch64.whl.metadata (4.3 kB)
Collecting joserfc>=1.6.0 (from authlib>=1.6.5->fastmcp==3.2.4->-r requirements.txt (line 1))
  Using cached joserfc-1.7.4-py3-none-any.whl.metadata (3.1 kB)
Collecting attrs>=23.1.0 (from cyclopts>=4.0.0->fastmcp==3.2.4->-r requirements.txt (line 1))
  Using cached attrs-26.1.0-py3-none-any.whl.metadata (8.8 kB)
Collecting docstring-parser<4.0,>=0.15 (from cyclopts>=4.0.0->fastmcp==3.2.4->-r requirements.txt (line 1))
  Using cached docstring_parser-0.18.0-py3-none-any.whl.metadata (3.5 kB)
Collecting rich-rst<3.0.0,>=1.3.1 (from cyclopts>=4.0.0->fastmcp==3.2.4->-r requirements.txt (line 1))
  Using cached rich_rst-2.1.0-py3-none-any.whl.metadata (4.7 kB)
Collecting certifi (from httpx<1.0,>=0.28.1->fastmcp==3.2.4->-r requirements.txt (line 1))
  Using cached certifi-2026.7.22-py3-none-any.whl.metadata (2.5 kB)
Collecting httpcore==1.* (from httpx<1.0,>=0.28.1->fastmcp==3.2.4->-r requirements.txt (line 1))
  Using cached httpcore-1.0.9-py3-none-any.whl.metadata (21 kB)
Collecting h11>=0.16 (from httpcore==1.*->httpx<1.0,>=0.28.1->fastmcp==3.2.4->-r requirements.txt (line 1))
  Using cached h11-0.16.0-py3-none-any.whl.metadata (8.3 kB)
Collecting jsonschema-specifications>=2023.03.6 (from jsonschema>=4.20.0->mcp==1.27.0->-r requirements.txt (line 2))
  Using cached jsonschema_specifications-2025.9.1-py3-none-any.whl.metadata (2.9 kB)
Collecting referencing>=0.28.4 (from jsonschema>=4.20.0->mcp==1.27.0->-r requirements.txt (line 2))
  Using cached referencing-0.37.0-py3-none-any.whl.metadata (2.8 kB)
Collecting rpds-py>=0.25.0 (from jsonschema>=4.20.0->mcp==1.27.0->-r requirements.txt (line 2))
  Using cached rpds_py-2026.6.3-cp312-cp312-manylinux_2_17_aarch64.manylinux2014_aarch64.whl.metadata (4.1 kB)
Collecting pathable<0.7.0,>=0.6.0 (from jsonschema-path>=0.3.4->fastmcp==3.2.4->-r requirements.txt (line 1))
  Using cached pathable-0.6.0-py3-none-any.whl.metadata (7.2 kB)
Collecting beartype>=0.20.0 (from py-key-value-aio<0.5.0,>=0.4.4->py-key-value-aio[filetree,keyring,memory]<0.5.0,>=0.4.4->fastmcp==3.2.4->-r requirements.txt (line 1))
  Using cached beartype-0.22.9-py3-none-any.whl.metadata (37 kB)
Collecting aiofile>=3.5.0 (from py-key-value-aio[filetree,keyring,memory]<0.5.0,>=0.4.4->fastmcp==3.2.4->-r requirements.txt (line 1))
  Using cached aiofile-3.12.3-py3-none-any.whl.metadata (17 kB)
Collecting keyring>=25.6.0 (from py-key-value-aio[filetree,keyring,memory]<0.5.0,>=0.4.4->fastmcp==3.2.4->-r requirements.txt (line 1))
  Using cached keyring-25.7.0-py3-none-any.whl.metadata (21 kB)
Collecting cachetools>=5.0.0 (from py-key-value-aio[filetree,keyring,memory]<0.5.0,>=0.4.4->fastmcp==3.2.4->-r requirements.txt (line 1))
  Using cached cachetools-7.1.7-py3-none-any.whl.metadata (5.5 kB)
Collecting email-validator>=2.0.0 (from pydantic[email]>=2.11.7->fastmcp==3.2.4->-r requirements.txt (line 1))
  Using cached email_validator-2.3.0-py3-none-any.whl.metadata (26 kB)
Collecting markdown-it-py>=2.2.0 (from rich>=13.9.4->fastmcp==3.2.4->-r requirements.txt (line 1))
  Using cached markdown_it_py-4.2.0-py3-none-any.whl.metadata (7.4 kB)
Collecting pygments<3.0.0,>=2.13.0 (from rich>=13.9.4->fastmcp==3.2.4->-r requirements.txt (line 1))
  Using cached pygments-2.21.0-py3-none-any.whl.metadata (2.5 kB)
Collecting click>=7.0 (from uvicorn>=0.35->fastmcp==3.2.4->-r requirements.txt (line 1))
  Using cached click-8.4.2-py3-none-any.whl.metadata (2.6 kB)
Collecting caio~=0.12.0 (from aiofile>=3.5.0->py-key-value-aio[filetree,keyring,memory]<0.5.0,>=0.4.4->fastmcp==3.2.4->-r requirements.txt (line 1))
  Using cached caio-0.12.2-cp312-cp312-manylinux_2_34_aarch64.whl.metadata (4.5 kB)
Collecting cffi>=2.0.0 (from cryptography->authlib>=1.6.5->fastmcp==3.2.4->-r requirements.txt (line 1))
  Using cached cffi-2.1.1-cp312-cp312-manylinux2014_aarch64.manylinux_2_17_aarch64.whl.metadata (2.5 kB)
Collecting dnspython>=2.0.0 (from email-validator>=2.0.0->pydantic[email]>=2.11.7->fastmcp==3.2.4->-r requirements.txt (line 1))
  Using cached dnspython-2.8.0-py3-none-any.whl.metadata (5.7 kB)
Collecting SecretStorage>=3.2 (from keyring>=25.6.0->py-key-value-aio[filetree,keyring,memory]<0.5.0,>=0.4.4->fastmcp==3.2.4->-r requirements.txt (line 1))
  Using cached secretstorage-3.5.0-py3-none-any.whl.metadata (4.0 kB)
Collecting jeepney>=0.4.2 (from keyring>=25.6.0->py-key-value-aio[filetree,keyring,memory]<0.5.0,>=0.4.4->fastmcp==3.2.4->-r requirements.txt (line 1))
  Using cached jeepney-0.9.0-py3-none-any.whl.metadata (1.2 kB)
Collecting jaraco.classes (from keyring>=25.6.0->py-key-value-aio[filetree,keyring,memory]<0.5.0,>=0.4.4->fastmcp==3.2.4->-r requirements.txt (line 1))
  Using cached jaraco.classes-3.4.0-py3-none-any.whl.metadata (2.6 kB)
Collecting jaraco.functools (from keyring>=25.6.0->py-key-value-aio[filetree,keyring,memory]<0.5.0,>=0.4.4->fastmcp==3.2.4->-r requirements.txt (line 1))
  Using cached jaraco_functools-4.6.0-py3-none-any.whl.metadata (2.9 kB)
Collecting jaraco.context (from keyring>=25.6.0->py-key-value-aio[filetree,keyring,memory]<0.5.0,>=0.4.4->fastmcp==3.2.4->-r requirements.txt (line 1))
  Using cached jaraco_context-6.1.2-py3-none-any.whl.metadata (4.2 kB)
Collecting mdurl~=0.1 (from markdown-it-py>=2.2.0->rich>=13.9.4->fastmcp==3.2.4->-r requirements.txt (line 1))
  Using cached mdurl-0.1.2-py3-none-any.whl.metadata (1.6 kB)
Collecting pycparser (from cffi>=2.0.0->cryptography->authlib>=1.6.5->fastmcp==3.2.4->-r requirements.txt (line 1))
  Using cached pycparser-3.0-py3-none-any.whl.metadata (8.2 kB)
Collecting more-itertools (from jaraco.classes->keyring>=25.6.0->py-key-value-aio[filetree,keyring,memory]<0.5.0,>=0.4.4->fastmcp==3.2.4->-r requirements.txt (line 1))
  Using cached more_itertools-11.1.0-py3-none-any.whl.metadata (41 kB)
Using cached fastmcp-3.2.4-py3-none-any.whl (728 kB)
Using cached mcp-1.27.0-py3-none-any.whl (215 kB)
Using cached pydantic-2.13.1-py3-none-any.whl (471 kB)
Using cached pydantic_core-2.46.1-cp312-cp312-manylinux_2_17_aarch64.manylinux2014_aarch64.whl (2.0 MB)
Using cached typing_extensions-4.15.0-py3-none-any.whl (44 kB)
Using cached annotated_types-0.8.0-py3-none-any.whl (13 kB)
Using cached anyio-4.14.2-py3-none-any.whl (125 kB)
Using cached authlib-1.7.2-py2.py3-none-any.whl (259 kB)
Using cached cyclopts-4.23.2-py3-none-any.whl (236 kB)
Using cached exceptiongroup-1.3.1-py3-none-any.whl (16 kB)
Using cached griffelib-2.2.0-py3-none-any.whl (166 kB)
Using cached httpx-0.28.1-py3-none-any.whl (73 kB)
Using cached httpcore-1.0.9-py3-none-any.whl (78 kB)
Using cached httpx_sse-0.4.3-py3-none-any.whl (9.0 kB)
Using cached jsonref-1.1.0-py3-none-any.whl (9.4 kB)
Using cached jsonschema-4.26.0-py3-none-any.whl (90 kB)
Using cached jsonschema_path-0.5.0-py3-none-any.whl (24 kB)
Using cached openapi_pydantic-0.5.1-py3-none-any.whl (96 kB)
Using cached opentelemetry_api-1.44.0-py3-none-any.whl (60 kB)
Using cached packaging-26.3-py3-none-any.whl (129 kB)
Using cached platformdirs-4.11.4-py3-none-any.whl (23 kB)
Using cached py_key_value_aio-0.4.5-py3-none-any.whl (170 kB)
Using cached pydantic_settings-2.15.0-py3-none-any.whl (69 kB)
Using cached pyjwt-2.13.0-py3-none-any.whl (31 kB)
Using cached pyperclip-1.11.0-py3-none-any.whl (11 kB)
Using cached python_dotenv-1.2.3-py3-none-any.whl (22 kB)
Using cached python_multipart-0.0.32-py3-none-any.whl (30 kB)
Using cached pyyaml-6.0.3-cp312-cp312-manylinux2014_aarch64.manylinux_2_17_aarch64.manylinux_2_28_aarch64.whl (775 kB)
Using cached rich-15.0.0-py3-none-any.whl (310 kB)
Using cached sse_starlette-3.4.8-py3-none-any.whl (16 kB)
Using cached starlette-1.6.0-py3-none-any.whl (75 kB)
Using cached typing_inspection-0.4.4-py3-none-any.whl (14 kB)
Using cached uncalled_for-0.4.0-py3-none-any.whl (15 kB)
Using cached uvicorn-0.52.4-py3-none-any.whl (79 kB)
Using cached watchfiles-1.2.0-cp312-cp312-manylinux_2_17_aarch64.manylinux2014_aarch64.whl (453 kB)
Using cached websockets-17.0.1-cp312-cp312-manylinux2014_aarch64.manylinux_2_17_aarch64.manylinux_2_28_aarch64.whl (221 kB)
Using cached aiofile-3.12.3-py3-none-any.whl (22 kB)
Using cached attrs-26.1.0-py3-none-any.whl (67 kB)
Using cached beartype-0.22.9-py3-none-any.whl (1.3 MB)
Using cached cachetools-7.1.7-py3-none-any.whl (16 kB)
Using cached click-8.4.2-py3-none-any.whl (119 kB)
Using cached cryptography-50.0.0-cp311-abi3-manylinux_2_34_aarch64.whl (4.7 MB)
Using cached docstring_parser-0.18.0-py3-none-any.whl (22 kB)
Using cached email_validator-2.3.0-py3-none-any.whl (35 kB)
Using cached h11-0.16.0-py3-none-any.whl (37 kB)
Using cached idna-3.19-py3-none-any.whl (68 kB)
Using cached joserfc-1.7.4-py3-none-any.whl (71 kB)
Using cached jsonschema_specifications-2025.9.1-py3-none-any.whl (18 kB)
Using cached keyring-25.7.0-py3-none-any.whl (39 kB)
Using cached markdown_it_py-4.2.0-py3-none-any.whl (91 kB)
Using cached pathable-0.6.0-py3-none-any.whl (18 kB)
Using cached pygments-2.21.0-py3-none-any.whl (1.3 MB)
Using cached referencing-0.37.0-py3-none-any.whl (26 kB)
Using cached rich_rst-2.1.0-py3-none-any.whl (272 kB)
Using cached rpds_py-2026.6.3-cp312-cp312-manylinux_2_17_aarch64.manylinux2014_aarch64.whl (368 kB)
Using cached certifi-2026.7.22-py3-none-any.whl (136 kB)
Using cached caio-0.12.2-cp312-cp312-manylinux_2_34_aarch64.whl (198 kB)
Using cached cffi-2.1.1-cp312-cp312-manylinux2014_aarch64.manylinux_2_17_aarch64.whl (222 kB)
Using cached dnspython-2.8.0-py3-none-any.whl (331 kB)
Using cached jeepney-0.9.0-py3-none-any.whl (49 kB)
Using cached mdurl-0.1.2-py3-none-any.whl (10.0 kB)
Using cached secretstorage-3.5.0-py3-none-any.whl (15 kB)
Using cached jaraco.classes-3.4.0-py3-none-any.whl (6.8 kB)
Using cached jaraco_context-6.1.2-py3-none-any.whl (7.9 kB)
Using cached jaraco_functools-4.6.0-py3-none-any.whl (11 kB)
Using cached more_itertools-11.1.0-py3-none-any.whl (72 kB)
Using cached pycparser-3.0-py3-none-any.whl (48 kB)
Installing collected packages: pyperclip, websockets, uncalled-for, typing-extensions, rpds-py, pyyaml, python-multipart, python-dotenv, pyjwt, pygments, pycparser, platformdirs, pathable, packaging, more-itertools, mdurl, jsonref, jeepney, jaraco.context, idna, httpx-sse, h11, griffelib, docstring-parser, dnspython, click, certifi, caio, cachetools, beartype, attrs, annotated-types, uvicorn, typing-inspection, referencing, pydantic-core, py-key-value-aio, opentelemetry-api, markdown-it-py, jaraco.functools, jaraco.classes, httpcore, exceptiongroup, email-validator, cffi, anyio, aiofile, watchfiles, starlette, rich, pydantic, jsonschema-specifications, jsonschema-path, httpx, cryptography, sse-starlette, SecretStorage, rich-rst, pydantic-settings, openapi-pydantic, jsonschema, joserfc, mcp, keyring, cyclopts, authlib, fastmcp
Successfully installed SecretStorage-3.5.0 aiofile-3.12.3 annotated-types-0.8.0 anyio-4.14.2 attrs-26.1.0 authlib-1.7.2 beartype-0.22.9 cachetools-7.1.7 caio-0.12.2 certifi-2026.7.22 cffi-2.1.1 click-8.4.2 cryptography-50.0.0 cyclopts-4.23.2 dnspython-2.8.0 docstring-parser-0.18.0 email-validator-2.3.0 exceptiongroup-1.3.1 fastmcp-3.2.4 griffelib-2.2.0 h11-0.16.0 httpcore-1.0.9 httpx-0.28.1 httpx-sse-0.4.3 idna-3.19 jaraco.classes-3.4.0 jaraco.context-6.1.2 jaraco.functools-4.6.0 jeepney-0.9.0 joserfc-1.7.4 jsonref-1.1.0 jsonschema-4.26.0 jsonschema-path-0.5.0 jsonschema-specifications-2025.9.1 keyring-25.7.0 markdown-it-py-4.2.0 mcp-1.27.0 mdurl-0.1.2 more-itertools-11.1.0 openapi-pydantic-0.5.1 opentelemetry-api-1.44.0 packaging-26.3 pathable-0.6.0 platformdirs-4.11.4 py-key-value-aio-0.4.5 pycparser-3.0 pydantic-2.13.1 pydantic-core-2.46.1 pydantic-settings-2.15.0 pygments-2.21.0 pyjwt-2.13.0 pyperclip-1.11.0 python-dotenv-1.2.3 python-multipart-0.0.32 pyyaml-6.0.3 referencing-0.37.0 rich-15.0.0 rich-rst-2.1.0 rpds-py-2026.6.3 sse-starlette-3.4.8 starlette-1.6.0 typing-extensions-4.15.0 typing-inspection-0.4.4 uncalled-for-0.4.0 uvicorn-0.52.4 watchfiles-1.2.0 websockets-17.0.1
WARNING: Target directory /usr/irissys/mgr/python/docstring_parser already exists. Specify --upgrade to force replacement.
WARNING: Target directory /usr/irissys/mgr/python/jaraco_functools-4.6.0.dist-info already exists. Specify --upgrade to force replacement.
WARNING: Target directory /usr/irissys/mgr/python/packaging already exists. Specify --upgrade to force replacement.
WARNING: Target directory /usr/irissys/mgr/python/jeepney already exists. Specify --upgrade to force replacement.
WARNING: Target directory /usr/irissys/mgr/python/exceptiongroup already exists. Specify --upgrade to force replacement.
WARNING: Target directory /usr/irissys/mgr/python/__pycache__ already exists. Specify --upgrade to force replacement.
WARNING: Target directory /usr/irissys/mgr/python/anyio-4.14.2.dist-info already exists. Specify --upgrade to force replacement.
WARNING: Target directory /usr/irissys/mgr/python/griffe already exists. Specify --upgrade to force replacement.
WARNING: Target directory /usr/irissys/mgr/python/typing_inspection-0.4.4.dist-info already exists. Specify --upgrade to force replacement.
WARNING: Target directory /usr/irissys/mgr/python/authlib already exists. Specify --upgrade to force replacement.
WARNING: Target directory /usr/irissys/mgr/python/pycparser already exists. Specify --upgrade to force replacement.
WARNING: Target directory /usr/irissys/mgr/python/openapi_pydantic-0.5.1.dist-info already exists. Specify --upgrade to force replacement.
WARNING: Target directory /usr/irissys/mgr/python/idna-3.19.dist-info already exists. Specify --upgrade to force replacement.
WARNING: Target directory /usr/irissys/mgr/python/watchfiles already exists. Specify --upgrade to force replacement.
WARNING: Target directory /usr/irissys/mgr/python/watchfiles-1.2.0.dist-info already exists. Specify --upgrade to force replacement.
WARNING: Target directory /usr/irissys/mgr/python/rich_rst-2.1.0.dist-info already exists. Specify --upgrade to force replacement.
WARNING: Target directory /usr/irissys/mgr/python/mdurl already exists. Specify --upgrade to force replacement.
WARNING: Target directory /usr/irissys/mgr/python/httpx already exists. Specify --upgrade to force replacement.
WARNING: Target directory /usr/irissys/mgr/python/httpcore already exists. Specify --upgrade to force replacement.
WARNING: Target directory /usr/irissys/mgr/python/mcp-1.27.0.dist-info already exists. Specify --upgrade to force replacement.
WARNING: Target directory /usr/irissys/mgr/python/fastmcp-3.2.4.dist-info already exists. Specify --upgrade to force replacement.
WARNING: Target directory /usr/irissys/mgr/python/_cffi_backend.cpython-312-aarch64-linux-gnu.so already exists. Specify --upgrade to force replacement.
WARNING: Target directory /usr/irissys/mgr/python/mdurl-0.1.2.dist-info already exists. Specify --upgrade to force replacement.
WARNING: Target directory /usr/irissys/mgr/python/pydantic_core already exists. Specify --upgrade to force replacement.
WARNING: Target directory /usr/irissys/mgr/python/markdown_it_py-4.2.0.dist-info already exists. Specify --upgrade to force replacement.
WARNING: Target directory /usr/irissys/mgr/python/httpx-0.28.1.dist-info already exists. Specify --upgrade to force replacement.
WARNING: Target directory /usr/irissys/mgr/python/secretstorage already exists. Specify --upgrade to force replacement.
WARNING: Target directory /usr/irissys/mgr/python/anyio already exists. Specify --upgrade to force replacement.
WARNING: Target directory /usr/irissys/mgr/python/pyjwt-2.13.0.dist-info already exists. Specify --upgrade to force replacement.
WARNING: Target directory /usr/irissys/mgr/python/attrs already exists. Specify --upgrade to force replacement.
WARNING: Target directory /usr/irissys/mgr/python/sse_starlette-3.4.8.dist-info already exists. Specify --upgrade to force replacement.
WARNING: Target directory /usr/irissys/mgr/python/cachetools-7.1.7.dist-info already exists. Specify --upgrade to force replacement.
WARNING: Target directory /usr/irissys/mgr/python/pydantic already exists. Specify --upgrade to force replacement.
WARNING: Target directory /usr/irissys/mgr/python/rpds_py-2026.6.3.dist-info already exists. Specify --upgrade to force replacement.
WARNING: Target directory /usr/irissys/mgr/python/uncalled_for already exists. Specify --upgrade to force replacement.
WARNING: Target directory /usr/irissys/mgr/python/exceptiongroup-1.3.1.dist-info already exists. Specify --upgrade to force replacement.
WARNING: Target directory /usr/irissys/mgr/python/griffelib-2.2.0.dist-info already exists. Specify --upgrade to force replacement.
WARNING: Target directory /usr/irissys/mgr/python/cryptography already exists. Specify --upgrade to force replacement.
WARNING: Target directory /usr/irissys/mgr/python/authlib-1.7.2.dist-info already exists. Specify --upgrade to force replacement.
WARNING: Target directory /usr/irissys/mgr/python/jaraco_context-6.1.2.dist-info already exists. Specify --upgrade to force replacement.
WARNING: Target directory /usr/irissys/mgr/python/pyyaml-6.0.3.dist-info already exists. Specify --upgrade to force replacement.
WARNING: Target directory /usr/irissys/mgr/python/referencing-0.37.0.dist-info already exists. Specify --upgrade to force replacement.
WARNING: Target directory /usr/irissys/mgr/python/jsonschema_specifications already exists. Specify --upgrade to force replacement.
WARNING: Target directory /usr/irissys/mgr/python/pydantic_core-2.46.1.dist-info already exists. Specify --upgrade to force replacement.
WARNING: Target directory /usr/irissys/mgr/python/jsonschema already exists. Specify --upgrade to force replacement.
WARNING: Target directory /usr/irissys/mgr/python/tests already exists. Specify --upgrade to force replacement.
WARNING: Target directory /usr/irissys/mgr/python/secretstorage-3.5.0.dist-info already exists. Specify --upgrade to force replacement.
WARNING: Target directory /usr/irissys/mgr/python/_yaml already exists. Specify --upgrade to force replacement.
WARNING: Target directory /usr/irissys/mgr/python/fastmcp already exists. Specify --upgrade to force replacement.
WARNING: Target directory /usr/irissys/mgr/python/websockets-17.0.1.dist-info already exists. Specify --upgrade to force replacement.
WARNING: Target directory /usr/irissys/mgr/python/cffi-2.1.1.dist-info already exists. Specify --upgrade to force replacement.
WARNING: Target directory /usr/irissys/mgr/python/h11 already exists. Specify --upgrade to force replacement.
WARNING: Target directory /usr/irissys/mgr/python/pycparser-3.0.dist-info already exists. Specify --upgrade to force replacement.
WARNING: Target directory /usr/irissys/mgr/python/cyclopts already exists. Specify --upgrade to force replacement.
WARNING: Target directory /usr/irissys/mgr/python/pydantic_settings-2.15.0.dist-info already exists. Specify --upgrade to force replacement.
WARNING: Target directory /usr/irissys/mgr/python/annotated_types already exists. Specify --upgrade to force replacement.
WARNING: Target directory /usr/irissys/mgr/python/jsonschema_path already exists. Specify --upgrade to force replacement.
WARNING: Target directory /usr/irissys/mgr/python/pyperclip already exists. Specify --upgrade to force replacement.
WARNING: Target directory /usr/irissys/mgr/python/python_multipart-0.0.32.dist-info already exists. Specify --upgrade to force replacement.
WARNING: Target directory /usr/irissys/mgr/python/uncalled_for-0.4.0.dist-info already exists. Specify --upgrade to force replacement.
WARNING: Target directory /usr/irissys/mgr/python/pydantic_settings already exists. Specify --upgrade to force replacement.
WARNING: Target directory /usr/irissys/mgr/python/uvicorn-0.52.4.dist-info already exists. Specify --upgrade to force replacement.
WARNING: Target directory /usr/irissys/mgr/python/referencing already exists. Specify --upgrade to force replacement.
WARNING: Target directory /usr/irissys/mgr/python/openapi_pydantic already exists. Specify --upgrade to force replacement.
WARNING: Target directory /usr/irissys/mgr/python/py_key_value_aio-0.4.5.dist-info already exists. Specify --upgrade to force replacement.
WARNING: Target directory /usr/irissys/mgr/python/uvicorn already exists. Specify --upgrade to force replacement.
WARNING: Target directory /usr/irissys/mgr/python/jsonref.py already exists. Specify --upgrade to force replacement.
WARNING: Target directory /usr/irissys/mgr/python/dnspython-2.8.0.dist-info already exists. Specify --upgrade to force replacement.
WARNING: Target directory /usr/irissys/mgr/python/h11-0.16.0.dist-info already exists. Specify --upgrade to force replacement.
WARNING: Target directory /usr/irissys/mgr/python/typing_inspection already exists. Specify --upgrade to force replacement.
WARNING: Target directory /usr/irissys/mgr/python/starlette already exists. Specify --upgrade to force replacement.
WARNING: Target directory /usr/irissys/mgr/python/multipart already exists. Specify --upgrade to force replacement.
WARNING: Target directory /usr/irissys/mgr/python/packaging-26.3.dist-info already exists. Specify --upgrade to force replacement.
WARNING: Target directory /usr/irissys/mgr/python/jaraco already exists. Specify --upgrade to force replacement.
WARNING: Target directory /usr/irissys/mgr/python/pathable already exists. Specify --upgrade to force replacement.
WARNING: Target directory /usr/irissys/mgr/python/jeepney-0.9.0.dist-info already exists. Specify --upgrade to force replacement.
WARNING: Target directory /usr/irissys/mgr/python/certifi already exists. Specify --upgrade to force replacement.
WARNING: Target directory /usr/irissys/mgr/python/keyring already exists. Specify --upgrade to force replacement.
WARNING: Target directory /usr/irissys/mgr/python/typing_extensions.py already exists. Specify --upgrade to force replacement.
WARNING: Target directory /usr/irissys/mgr/python/annotated_types-0.8.0.dist-info already exists. Specify --upgrade to force replacement.
WARNING: Target directory /usr/irissys/mgr/python/idna already exists. Specify --upgrade to force replacement.
WARNING: Target directory /usr/irissys/mgr/python/httpx_sse-0.4.3.dist-info already exists. Specify --upgrade to force replacement.
WARNING: Target directory /usr/irissys/mgr/python/mcp already exists. Specify --upgrade to force replacement.
WARNING: Target directory /usr/irissys/mgr/python/platformdirs-4.11.4.dist-info already exists. Specify --upgrade to force replacement.
WARNING: Target directory /usr/irissys/mgr/python/aiofile already exists. Specify --upgrade to force replacement.
WARNING: Target directory /usr/irissys/mgr/python/joserfc-1.7.4.dist-info already exists. Specify --upgrade to force replacement.
WARNING: Target directory /usr/irissys/mgr/python/click-8.4.2.dist-info already exists. Specify --upgrade to force replacement.
WARNING: Target directory /usr/irissys/mgr/python/attrs-26.1.0.dist-info already exists. Specify --upgrade to force replacement.
WARNING: Target directory /usr/irissys/mgr/python/pathable-0.6.0.dist-info already exists. Specify --upgrade to force replacement.
WARNING: Target directory /usr/irissys/mgr/python/cffi already exists. Specify --upgrade to force replacement.
WARNING: Target directory /usr/irissys/mgr/python/cryptography-50.0.0.dist-info already exists. Specify --upgrade to force replacement.
WARNING: Target directory /usr/irissys/mgr/python/keyring-25.7.0.dist-info already exists. Specify --upgrade to force replacement.
WARNING: Target directory /usr/irissys/mgr/python/beartype-0.22.9.dist-info already exists. Specify --upgrade to force replacement.
WARNING: Target directory /usr/irissys/mgr/python/rpds already exists. Specify --upgrade to force replacement.
WARNING: Target directory /usr/irissys/mgr/python/cyclopts-4.23.2.dist-info already exists. Specify --upgrade to force replacement.
WARNING: Target directory /usr/irissys/mgr/python/opentelemetry_api-1.44.0.dist-info already exists. Specify --upgrade to force replacement.
WARNING: Target directory /usr/irissys/mgr/python/rich-15.0.0.dist-info already exists. Specify --upgrade to force replacement.
WARNING: Target directory /usr/irissys/mgr/python/httpcore-1.0.9.dist-info already exists. Specify --upgrade to force replacement.
WARNING: Target directory /usr/irissys/mgr/python/typing_extensions-4.15.0.dist-info already exists. Specify --upgrade to force replacement.
WARNING: Target directory /usr/irissys/mgr/python/yaml already exists. Specify --upgrade to force replacement.
WARNING: Target directory /usr/irissys/mgr/python/httpx_sse already exists. Specify --upgrade to force replacement.
WARNING: Target directory /usr/irissys/mgr/python/cachetools already exists. Specify --upgrade to force replacement.
WARNING: Target directory /usr/irissys/mgr/python/joserfc already exists. Specify --upgrade to force replacement.
WARNING: Target directory /usr/irissys/mgr/python/jsonschema-4.26.0.dist-info already exists. Specify --upgrade to force replacement.
WARNING: Target directory /usr/irissys/mgr/python/jsonschema_path-0.5.0.dist-info already exists. Specify --upgrade to force replacement.
WARNING: Target directory /usr/irissys/mgr/python/more_itertools already exists. Specify --upgrade to force replacement.
WARNING: Target directory /usr/irissys/mgr/python/pydantic-2.13.1.dist-info already exists. Specify --upgrade to force replacement.
WARNING: Target directory /usr/irissys/mgr/python/email_validator-2.3.0.dist-info already exists. Specify --upgrade to force replacement.
WARNING: Target directory /usr/irissys/mgr/python/rich already exists. Specify --upgrade to force replacement.
WARNING: Target directory /usr/irissys/mgr/python/certifi-2026.7.22.dist-info already exists. Specify --upgrade to force replacement.
WARNING: Target directory /usr/irissys/mgr/python/rich_rst already exists. Specify --upgrade to force replacement.
WARNING: Target directory /usr/irissys/mgr/python/docstring_parser-0.18.0.dist-info already exists. Specify --upgrade to force replacement.
WARNING: Target directory /usr/irissys/mgr/python/opentelemetry already exists. Specify --upgrade to force replacement.
WARNING: Target directory /usr/irissys/mgr/python/platformdirs already exists. Specify --upgrade to force replacement.
WARNING: Target directory /usr/irissys/mgr/python/attr already exists. Specify --upgrade to force replacement.
WARNING: Target directory /usr/irissys/mgr/python/caio-0.12.2.dist-info already exists. Specify --upgrade to force replacement.
WARNING: Target directory /usr/irissys/mgr/python/jsonref-1.1.0.dist-info already exists. Specify --upgrade to force replacement.
WARNING: Target directory /usr/irissys/mgr/python/pygments-2.21.0.dist-info already exists. Specify --upgrade to force replacement.
WARNING: Target directory /usr/irissys/mgr/python/python_multipart already exists. Specify --upgrade to force replacement.
WARNING: Target directory /usr/irissys/mgr/python/pygments already exists. Specify --upgrade to force replacement.
WARNING: Target directory /usr/irissys/mgr/python/jsonschema_specifications-2025.9.1.dist-info already exists. Specify --upgrade to force replacement.
WARNING: Target directory /usr/irissys/mgr/python/caio already exists. Specify --upgrade to force replacement.
WARNING: Target directory /usr/irissys/mgr/python/more_itertools-11.1.0.dist-info already exists. Specify --upgrade to force replacement.
WARNING: Target directory /usr/irissys/mgr/python/email_validator already exists. Specify --upgrade to force replacement.
WARNING: Target directory /usr/irissys/mgr/python/dotenv already exists. Specify --upgrade to force replacement.
WARNING: Target directory /usr/irissys/mgr/python/markdown_it already exists. Specify --upgrade to force replacement.
WARNING: Target directory /usr/irissys/mgr/python/jaraco.classes-3.4.0.dist-info already exists. Specify --upgrade to force replacement.
WARNING: Target directory /usr/irissys/mgr/python/proxytypes.py already exists. Specify --upgrade to force replacement.
WARNING: Target directory /usr/irissys/mgr/python/dns already exists. Specify --upgrade to force replacement.
WARNING: Target directory /usr/irissys/mgr/python/sse_starlette already exists. Specify --upgrade to force replacement.
WARNING: Target directory /usr/irissys/mgr/python/starlette-1.6.0.dist-info already exists. Specify --upgrade to force replacement.
WARNING: Target directory /usr/irissys/mgr/python/beartype already exists. Specify --upgrade to force replacement.
WARNING: Target directory /usr/irissys/mgr/python/websockets already exists. Specify --upgrade to force replacement.
WARNING: Target directory /usr/irissys/mgr/python/python_dotenv-1.2.3.dist-info already exists. Specify --upgrade to force replacement.
WARNING: Target directory /usr/irissys/mgr/python/pyperclip-1.11.0.dist-info already exists. Specify --upgrade to force replacement.
WARNING: Target directory /usr/irissys/mgr/python/click already exists. Specify --upgrade to force replacement.
WARNING: Target directory /usr/irissys/mgr/python/aiofile-3.12.3.dist-info already exists. Specify --upgrade to force replacement.
WARNING: Target directory /usr/irissys/mgr/python/jwt already exists. Specify --upgrade to force replacement.
WARNING: Target directory /usr/irissys/mgr/python/key_value already exists. Specify --upgrade to force replacement.
WARNING: Target directory /usr/irissys/mgr/python/bin already exists. Specify --upgrade to force replacement.

[IRISAPP|ai-hub-dev-template]	requirements.txt SUCCESS
Load of directory started on 08/25/2026 19:07:25 '*'

Loading file /home/irisowner/dev/src/Sample/Agent.cls as udl
Loading file /home/irisowner/dev/src/Sample/MCPService.cls as udl
Loading file /home/irisowner/dev/src/Sample/MCPSetup.cls as udl
Loading file /home/irisowner/dev/src/Sample/Person.cls as udl
Loading file /home/irisowner/dev/src/Sample/Tools.cls as udl
Loading file /home/irisowner/dev/src/Sample/ToolSet.cls as udl
Load finished successfully.

[IRISAPP|ai-hub-dev-template]	Reload SUCCESS
[ai-hub-dev-template]	Module object refreshed.
[IRISAPP|ai-hub-dev-template]	Validate START
[IRISAPP|ai-hub-dev-template]	Validate SUCCESS
[IRISAPP|ai-hub-dev-template]	Compile START
Compilation started on 08/25/2026 19:07:25 with qualifiers 'd-lck'
Compiling 6 classes
Compiling class Sample.Agent
Compiling class Sample.MCPService
Compiling class Sample.MCPSetup
Compiling class Sample.Person
Compiling table Sample.Person
Compiling routine Sample.Agent.1
Compiling routine Sample.MCPSetup.1
Compiling routine Sample.Person.1
Compiling class Sample.Tools
Compiling routine Sample.Tools.1
Compiling class Sample.ToolSet
Compiling routine Sample.ToolSet.1
Compilation finished successfully in 0.082s.

[IRISAPP|ai-hub-dev-template]	Compile SUCCESS
[IRISAPP|ai-hub-dev-template]	Activate START
[IRISAPP|ai-hub-dev-template]	Configure STARTMCP Service created successfully.

[IRISAPP|ai-hub-dev-template]	Configure SUCCESS
Seeding update steps for module = ai-hub-dev-template, for version = 2.0.9

[IRISAPP|ai-hub-dev-template]	Activate SUCCESS
Node: 028d416ed143, Instance: IRIS

USER>

%SYS>

%SYS>

%SYS>

%SYS>

%SYS>

%SYS>

%SYS>

%SYS>

%SYS>

%SYS>

%SYS>

Load started on 08/25/2026 20:41:04
Loading file /usr/irissys/mgr/Temp/G9CrSescwpxKBA.xml as xml
Imported class: IPM.Installer
Compiling class IPM.Installer
Compiling routine IPM.Installer.1
Load finished successfully.

%SYS>

%SYS>

%SYS>

%SYS>

%SYS>

%SYS>

%SYS>

%SYS>

Version of IPM in current namespace: 
%SYS> [32mzpm [0m0.10.9

RUNNING command: "repo -delete-all"
[32mCommand "repo -delete-all" finished successfull[0m

RUNNING command: "repo -reset-defaults"
[33mWARNING: Using -password via the CLI is insecure. Use -password-stdin or -password-env.[0m
registry
	Source: 			https://pm.community.intersystems.com
	Enabled?			Yes
	Available?			Yes
	Use for Snapshots?		Yes
	Use for Prereleases?		Yes
	Is Read-Only?			No
	Default Deployment Registry? 	No

registry
	Source: 			https://pm.community.intersystems.com
	Enabled?			Yes
	Available?			Yes
	Use for Snapshots?		Yes
	Use for Prereleases?		Yes
	Is Read-Only?			No
	Default Deployment Registry? 	No

[32mCommand "repo -reset-defaults" finished successfull[0m

RUNNING command: "enable -map -repos -globally"
Version of IPM in current namespace: 
%SYS> [32mzpm [0m0.10.9
Skipping IPM mapping of %SYS - IPM already installed.
Mapping %IPM package in %SYS equivalently to IRISAPP
Mapping %IPM.* routines in %SYS equivalently to IRISAPP
Mapping %IPM package in %SYS equivalently to USER
Mapping %IPM.* routines in %SYS equivalently to USER
Skipping repository mapping of %SYS - IPM not mapped from source namespace.
Mapping IPM repository in %SYS equivalently to IRISAPP
Mapping IPM repository in %SYS equivalently to USER
Done.

[35m%SYS> [0m   [32mzpm[0m [39m0.10.9[0m
[35mIRISAPP> [0m[32mzpm[0m [39m0.10.9[0m
         [39mInstalled In: [0m%SYS 
[35mUSER> [0m   [32mzpm[0m [39m0.10.9[0m
         [39mInstalled In: [0m%SYS 
[39mhttps://pm.community.intersystems.com[0m - 1.0.0
[32mCommand "enable -map -repos -globally" finished successfull[0m
%SYS>

%SYS>

IRISAPP>

IRISAPP>

IRISAPP>

Building dependency graph...Done.
[IRISAPP|vscode-per-namespace-settings]	Initialize START
[IRISAPP|vscode-per-namespace-settings]	Initialize SUCCESS
[IRISAPP|vscode-per-namespace-settings]	Reload START (/usr/irissys/ipm/vscode-per-namespace-settings/1.0.0/)
[IRISAPP|vscode-per-namespace-settings]	Reload SUCCESS
[vscode-per-namespace-settings]	Module object refreshed.
[IRISAPP|vscode-per-namespace-settings]	Validate START
[IRISAPP|vscode-per-namespace-settings]	Validate SUCCESS
[IRISAPP|vscode-per-namespace-settings]	Compile START
[IRISAPP|vscode-per-namespace-settings]	Compile SUCCESS
[IRISAPP|vscode-per-namespace-settings]	Activate START
[IRISAPP|vscode-per-namespace-settings]	Configure START
Deleting class %Z.IPM.Bootstraps.Main
[IRISAPP|vscode-per-namespace-settings]	Configure SUCCESS
[IRISAPP|vscode-per-namespace-settings]	Activate SUCCESS
IRISAPP>

IRISAPP>

IRISAPP>

IRISAPP>

IRISAPP>

IRISAPP>

IRISAPP>

IRISAPP>

IRISAPP>

IRISAPP>

IRISAPP>

IRISAPP>

IRISAPP>

IRISAPP>

IRISAPP>

IRISAPP>

IRISAPP>

IRISAPP>

IRISAPP>

IRISAPP>

Load started on 08/25/2026 20:41:07
Loading file /home/irisowner/dev/module.xml as xml
Imported document: ai-hub-dev-template.ZPM
Load finished successfully.

Building dependency graph...Done.
Created inverted dependency graph from dependency graph
Constructed flat dependency list from inverted dependency graph
Starting installation of dependencies...

Load started on 08/25/2026 20:41:07
Loading file /home/irisowner/dev/module.xml as xml
Imported document: ai-hub-dev-template.ZPM
Load finished successfully.

Loading ai-hub-dev-template in process 1046
[IRISAPP|ai-hub-dev-template]	Initialize START
Skipping preload - directory does not exist.
[IRISAPP|ai-hub-dev-template]	Initialize SUCCESS
[IRISAPP|ai-hub-dev-template]	Reload START (/home/irisowner/dev/)
[IRISAPP|ai-hub-dev-template]	requirements.txt START

Detecting pip caller
Attempting to find flexible python... 
Attempting to find python3 or python...Success!
Running command=$lb("python3","-m","pip","install","-r","requirements.txt","-t","/usr/irissys/mgr/python/","--python-version","3.12.3","--only-binary=:all:")
Collecting fastmcp==3.2.4 (from -r requirements.txt (line 1))
  Using cached fastmcp-3.2.4-py3-none-any.whl.metadata (8.1 kB)
Collecting mcp==1.27.0 (from -r requirements.txt (line 2))
  Using cached mcp-1.27.0-py3-none-any.whl.metadata (8.2 kB)
Collecting pydantic==2.13.1 (from -r requirements.txt (line 3))
  Using cached pydantic-2.13.1-py3-none-any.whl.metadata (108 kB)
Collecting pydantic-core==2.46.1 (from -r requirements.txt (line 4))
  Using cached pydantic_core-2.46.1-cp312-cp312-manylinux_2_17_aarch64.manylinux2014_aarch64.whl.metadata (6.6 kB)
Collecting typing-extensions==4.15.0 (from -r requirements.txt (line 5))
  Using cached typing_extensions-4.15.0-py3-none-any.whl.metadata (3.3 kB)
Collecting authlib>=1.6.5 (from fastmcp==3.2.4->-r requirements.txt (line 1))
  Using cached authlib-1.7.2-py2.py3-none-any.whl.metadata (10 kB)
Collecting cyclopts>=4.0.0 (from fastmcp==3.2.4->-r requirements.txt (line 1))
  Using cached cyclopts-4.23.2-py3-none-any.whl.metadata (12 kB)
Collecting exceptiongroup>=1.2.2 (from fastmcp==3.2.4->-r requirements.txt (line 1))
  Using cached exceptiongroup-1.3.1-py3-none-any.whl.metadata (6.7 kB)
Collecting griffelib>=2.0.0 (from fastmcp==3.2.4->-r requirements.txt (line 1))
  Using cached griffelib-2.2.0-py3-none-any.whl.metadata (1.3 kB)
Collecting httpx<1.0,>=0.28.1 (from fastmcp==3.2.4->-r requirements.txt (line 1))
  Using cached httpx-0.28.1-py3-none-any.whl.metadata (7.1 kB)
Collecting jsonref>=1.1.0 (from fastmcp==3.2.4->-r requirements.txt (line 1))
  Using cached jsonref-1.1.0-py3-none-any.whl.metadata (2.7 kB)
Collecting jsonschema-path>=0.3.4 (from fastmcp==3.2.4->-r requirements.txt (line 1))
  Using cached jsonschema_path-0.5.0-py3-none-any.whl.metadata (8.1 kB)
Collecting openapi-pydantic>=0.5.1 (from fastmcp==3.2.4->-r requirements.txt (line 1))
  Using cached openapi_pydantic-0.5.1-py3-none-any.whl.metadata (10 kB)
Collecting opentelemetry-api>=1.20.0 (from fastmcp==3.2.4->-r requirements.txt (line 1))
  Using cached opentelemetry_api-1.44.0-py3-none-any.whl.metadata (1.4 kB)
Collecting packaging>=24.0 (from fastmcp==3.2.4->-r requirements.txt (line 1))
  Using cached packaging-26.3-py3-none-any.whl.metadata (3.5 kB)
Collecting platformdirs>=4.0.0 (from fastmcp==3.2.4->-r requirements.txt (line 1))
  Using cached platformdirs-4.11.4-py3-none-any.whl.metadata (5.5 kB)
Collecting py-key-value-aio<0.5.0,>=0.4.4 (from py-key-value-aio[filetree,keyring,memory]<0.5.0,>=0.4.4->fastmcp==3.2.4->-r requirements.txt (line 1))
  Using cached py_key_value_aio-0.4.5-py3-none-any.whl.metadata (16 kB)
Collecting pyperclip>=1.9.0 (from fastmcp==3.2.4->-r requirements.txt (line 1))
  Using cached pyperclip-1.11.0-py3-none-any.whl.metadata (2.4 kB)
Collecting python-dotenv>=1.1.0 (from fastmcp==3.2.4->-r requirements.txt (line 1))
  Using cached python_dotenv-1.2.3-py3-none-any.whl.metadata (29 kB)
Collecting pyyaml<7.0,>=6.0 (from fastmcp==3.2.4->-r requirements.txt (line 1))
  Using cached pyyaml-6.0.3-cp312-cp312-manylinux2014_aarch64.manylinux_2_17_aarch64.manylinux_2_28_aarch64.whl.metadata (2.4 kB)
Collecting rich>=13.9.4 (from fastmcp==3.2.4->-r requirements.txt (line 1))
  Using cached rich-15.0.0-py3-none-any.whl.metadata (18 kB)
Collecting uncalled-for>=0.2.0 (from fastmcp==3.2.4->-r requirements.txt (line 1))
  Using cached uncalled_for-0.4.0-py3-none-any.whl.metadata (4.4 kB)
Collecting uvicorn>=0.35 (from fastmcp==3.2.4->-r requirements.txt (line 1))
  Using cached uvicorn-0.52.4-py3-none-any.whl.metadata (6.6 kB)
Collecting watchfiles>=1.0.0 (from fastmcp==3.2.4->-r requirements.txt (line 1))
  Using cached watchfiles-1.2.0-cp312-cp312-manylinux_2_17_aarch64.manylinux2014_aarch64.whl.metadata (4.9 kB)
Collecting websockets>=15.0.1 (from fastmcp==3.2.4->-r requirements.txt (line 1))
  Using cached websockets-17.0.1-cp312-cp312-manylinux2014_aarch64.manylinux_2_17_aarch64.manylinux_2_28_aarch64.whl.metadata (6.3 kB)
Collecting anyio>=4.5 (from mcp==1.27.0->-r requirements.txt (line 2))
  Using cached anyio-4.14.2-py3-none-any.whl.metadata (4.6 kB)
Collecting httpx-sse>=0.4 (from mcp==1.27.0->-r requirements.txt (line 2))
  Using cached httpx_sse-0.4.3-py3-none-any.whl.metadata (9.7 kB)
Collecting jsonschema>=4.20.0 (from mcp==1.27.0->-r requirements.txt (line 2))
  Using cached jsonschema-4.26.0-py3-none-any.whl.metadata (7.6 kB)
Collecting pydantic-settings>=2.5.2 (from mcp==1.27.0->-r requirements.txt (line 2))
  Using cached pydantic_settings-2.15.0-py3-none-any.whl.metadata (3.9 kB)
Collecting pyjwt>=2.10.1 (from pyjwt[crypto]>=2.10.1->mcp==1.27.0->-r requirements.txt (line 2))
  Using cached pyjwt-2.13.0-py3-none-any.whl.metadata (3.4 kB)
Collecting python-multipart>=0.0.9 (from mcp==1.27.0->-r requirements.txt (line 2))
  Using cached python_multipart-0.0.32-py3-none-any.whl.metadata (2.1 kB)
Collecting sse-starlette>=1.6.1 (from mcp==1.27.0->-r requirements.txt (line 2))
  Using cached sse_starlette-3.4.8-py3-none-any.whl.metadata (15 kB)
Collecting starlette>=0.27 (from mcp==1.27.0->-r requirements.txt (line 2))
  Using cached starlette-1.6.0-py3-none-any.whl.metadata (6.4 kB)
Collecting typing-inspection>=0.4.1 (from mcp==1.27.0->-r requirements.txt (line 2))
  Using cached typing_inspection-0.4.4-py3-none-any.whl.metadata (2.6 kB)
Collecting annotated-types>=0.6.0 (from pydantic==2.13.1->-r requirements.txt (line 3))
  Using cached annotated_types-0.8.0-py3-none-any.whl.metadata (15 kB)
Collecting idna>=2.8 (from anyio>=4.5->mcp==1.27.0->-r requirements.txt (line 2))
  Using cached idna-3.19-py3-none-any.whl.metadata (9.2 kB)
Collecting cryptography (from authlib>=1.6.5->fastmcp==3.2.4->-r requirements.txt (line 1))
  Using cached cryptography-50.0.1-cp311-abi3-manylinux_2_34_aarch64.whl.metadata (4.3 kB)
Collecting joserfc>=1.6.0 (from authlib>=1.6.5->fastmcp==3.2.4->-r requirements.txt (line 1))
  Using cached joserfc-1.7.4-py3-none-any.whl.metadata (3.1 kB)
Collecting attrs>=23.1.0 (from cyclopts>=4.0.0->fastmcp==3.2.4->-r requirements.txt (line 1))
  Using cached attrs-26.1.0-py3-none-any.whl.metadata (8.8 kB)
Collecting docstring-parser<4.0,>=0.15 (from cyclopts>=4.0.0->fastmcp==3.2.4->-r requirements.txt (line 1))
  Using cached docstring_parser-0.18.0-py3-none-any.whl.metadata (3.5 kB)
Collecting rich-rst<3.0.0,>=1.3.1 (from cyclopts>=4.0.0->fastmcp==3.2.4->-r requirements.txt (line 1))
  Using cached rich_rst-2.1.0-py3-none-any.whl.metadata (4.7 kB)
Collecting certifi (from httpx<1.0,>=0.28.1->fastmcp==3.2.4->-r requirements.txt (line 1))
  Using cached certifi-2026.7.22-py3-none-any.whl.metadata (2.5 kB)
Collecting httpcore==1.* (from httpx<1.0,>=0.28.1->fastmcp==3.2.4->-r requirements.txt (line 1))
  Using cached httpcore-1.0.9-py3-none-any.whl.metadata (21 kB)
Collecting h11>=0.16 (from httpcore==1.*->httpx<1.0,>=0.28.1->fastmcp==3.2.4->-r requirements.txt (line 1))
  Using cached h11-0.16.0-py3-none-any.whl.metadata (8.3 kB)
Collecting jsonschema-specifications>=2023.03.6 (from jsonschema>=4.20.0->mcp==1.27.0->-r requirements.txt (line 2))
  Using cached jsonschema_specifications-2025.9.1-py3-none-any.whl.metadata (2.9 kB)
Collecting referencing>=0.28.4 (from jsonschema>=4.20.0->mcp==1.27.0->-r requirements.txt (line 2))
  Using cached referencing-0.37.0-py3-none-any.whl.metadata (2.8 kB)
Collecting rpds-py>=0.25.0 (from jsonschema>=4.20.0->mcp==1.27.0->-r requirements.txt (line 2))
  Using cached rpds_py-2026.6.3-cp312-cp312-manylinux_2_17_aarch64.manylinux2014_aarch64.whl.metadata (4.1 kB)
Collecting pathable<0.7.0,>=0.6.0 (from jsonschema-path>=0.3.4->fastmcp==3.2.4->-r requirements.txt (line 1))
  Using cached pathable-0.6.0-py3-none-any.whl.metadata (7.2 kB)
Collecting beartype>=0.20.0 (from py-key-value-aio<0.5.0,>=0.4.4->py-key-value-aio[filetree,keyring,memory]<0.5.0,>=0.4.4->fastmcp==3.2.4->-r requirements.txt (line 1))
  Using cached beartype-0.22.9-py3-none-any.whl.metadata (37 kB)
Collecting aiofile>=3.5.0 (from py-key-value-aio[filetree,keyring,memory]<0.5.0,>=0.4.4->fastmcp==3.2.4->-r requirements.txt (line 1))
  Using cached aiofile-3.12.3-py3-none-any.whl.metadata (17 kB)
Collecting keyring>=25.6.0 (from py-key-value-aio[filetree,keyring,memory]<0.5.0,>=0.4.4->fastmcp==3.2.4->-r requirements.txt (line 1))
  Using cached keyring-25.7.0-py3-none-any.whl.metadata (21 kB)
Collecting cachetools>=5.0.0 (from py-key-value-aio[filetree,keyring,memory]<0.5.0,>=0.4.4->fastmcp==3.2.4->-r requirements.txt (line 1))
  Using cached cachetools-7.1.7-py3-none-any.whl.metadata (5.5 kB)
Collecting email-validator>=2.0.0 (from pydantic[email]>=2.11.7->fastmcp==3.2.4->-r requirements.txt (line 1))
  Using cached email_validator-2.3.0-py3-none-any.whl.metadata (26 kB)
Collecting markdown-it-py>=2.2.0 (from rich>=13.9.4->fastmcp==3.2.4->-r requirements.txt (line 1))
  Using cached markdown_it_py-4.2.0-py3-none-any.whl.metadata (7.4 kB)
Collecting pygments<3.0.0,>=2.13.0 (from rich>=13.9.4->fastmcp==3.2.4->-r requirements.txt (line 1))
  Using cached pygments-2.21.0-py3-none-any.whl.metadata (2.5 kB)
Collecting click>=7.0 (from uvicorn>=0.35->fastmcp==3.2.4->-r requirements.txt (line 1))
  Using cached click-8.4.2-py3-none-any.whl.metadata (2.6 kB)
Collecting caio~=0.12.0 (from aiofile>=3.5.0->py-key-value-aio[filetree,keyring,memory]<0.5.0,>=0.4.4->fastmcp==3.2.4->-r requirements.txt (line 1))
  Using cached caio-0.12.2-cp312-cp312-manylinux_2_34_aarch64.whl.metadata (4.5 kB)
Collecting cffi>=2.0.0 (from cryptography->authlib>=1.6.5->fastmcp==3.2.4->-r requirements.txt (line 1))
  Using cached cffi-2.1.1-cp312-cp312-manylinux2014_aarch64.manylinux_2_17_aarch64.whl.metadata (2.5 kB)
Collecting dnspython>=2.0.0 (from email-validator>=2.0.0->pydantic[email]>=2.11.7->fastmcp==3.2.4->-r requirements.txt (line 1))
  Using cached dnspython-2.8.0-py3-none-any.whl.metadata (5.7 kB)
Collecting SecretStorage>=3.2 (from keyring>=25.6.0->py-key-value-aio[filetree,keyring,memory]<0.5.0,>=0.4.4->fastmcp==3.2.4->-r requirements.txt (line 1))
  Using cached secretstorage-3.5.0-py3-none-any.whl.metadata (4.0 kB)
Collecting jeepney>=0.4.2 (from keyring>=25.6.0->py-key-value-aio[filetree,keyring,memory]<0.5.0,>=0.4.4->fastmcp==3.2.4->-r requirements.txt (line 1))
  Using cached jeepney-0.9.0-py3-none-any.whl.metadata (1.2 kB)
Collecting jaraco.classes (from keyring>=25.6.0->py-key-value-aio[filetree,keyring,memory]<0.5.0,>=0.4.4->fastmcp==3.2.4->-r requirements.txt (line 1))
  Using cached jaraco.classes-3.4.0-py3-none-any.whl.metadata (2.6 kB)
Collecting jaraco.functools (from keyring>=25.6.0->py-key-value-aio[filetree,keyring,memory]<0.5.0,>=0.4.4->fastmcp==3.2.4->-r requirements.txt (line 1))
  Using cached jaraco_functools-4.6.0-py3-none-any.whl.metadata (2.9 kB)
Collecting jaraco.context (from keyring>=25.6.0->py-key-value-aio[filetree,keyring,memory]<0.5.0,>=0.4.4->fastmcp==3.2.4->-r requirements.txt (line 1))
  Using cached jaraco_context-6.1.2-py3-none-any.whl.metadata (4.2 kB)
Collecting mdurl~=0.1 (from markdown-it-py>=2.2.0->rich>=13.9.4->fastmcp==3.2.4->-r requirements.txt (line 1))
  Using cached mdurl-0.1.2-py3-none-any.whl.metadata (1.6 kB)
Collecting pycparser (from cffi>=2.0.0->cryptography->authlib>=1.6.5->fastmcp==3.2.4->-r requirements.txt (line 1))
  Using cached pycparser-3.0-py3-none-any.whl.metadata (8.2 kB)
Collecting more-itertools (from jaraco.classes->keyring>=25.6.0->py-key-value-aio[filetree,keyring,memory]<0.5.0,>=0.4.4->fastmcp==3.2.4->-r requirements.txt (line 1))
  Using cached more_itertools-11.1.0-py3-none-any.whl.metadata (41 kB)
Using cached fastmcp-3.2.4-py3-none-any.whl (728 kB)
Using cached mcp-1.27.0-py3-none-any.whl (215 kB)
Using cached pydantic-2.13.1-py3-none-any.whl (471 kB)
Using cached pydantic_core-2.46.1-cp312-cp312-manylinux_2_17_aarch64.manylinux2014_aarch64.whl (2.0 MB)
Using cached typing_extensions-4.15.0-py3-none-any.whl (44 kB)
Using cached annotated_types-0.8.0-py3-none-any.whl (13 kB)
Using cached anyio-4.14.2-py3-none-any.whl (125 kB)
Using cached authlib-1.7.2-py2.py3-none-any.whl (259 kB)
Using cached cyclopts-4.23.2-py3-none-any.whl (236 kB)
Using cached exceptiongroup-1.3.1-py3-none-any.whl (16 kB)
Using cached griffelib-2.2.0-py3-none-any.whl (166 kB)
Using cached httpx-0.28.1-py3-none-any.whl (73 kB)
Using cached httpcore-1.0.9-py3-none-any.whl (78 kB)
Using cached httpx_sse-0.4.3-py3-none-any.whl (9.0 kB)
Using cached jsonref-1.1.0-py3-none-any.whl (9.4 kB)
Using cached jsonschema-4.26.0-py3-none-any.whl (90 kB)
Using cached jsonschema_path-0.5.0-py3-none-any.whl (24 kB)
Using cached openapi_pydantic-0.5.1-py3-none-any.whl (96 kB)
Using cached opentelemetry_api-1.44.0-py3-none-any.whl (60 kB)
Using cached packaging-26.3-py3-none-any.whl (129 kB)
Using cached platformdirs-4.11.4-py3-none-any.whl (23 kB)
Using cached py_key_value_aio-0.4.5-py3-none-any.whl (170 kB)
Using cached pydantic_settings-2.15.0-py3-none-any.whl (69 kB)
Using cached pyjwt-2.13.0-py3-none-any.whl (31 kB)
Using cached pyperclip-1.11.0-py3-none-any.whl (11 kB)
Using cached python_dotenv-1.2.3-py3-none-any.whl (22 kB)
Using cached python_multipart-0.0.32-py3-none-any.whl (30 kB)
Using cached pyyaml-6.0.3-cp312-cp312-manylinux2014_aarch64.manylinux_2_17_aarch64.manylinux_2_28_aarch64.whl (775 kB)
Using cached rich-15.0.0-py3-none-any.whl (310 kB)
Using cached sse_starlette-3.4.8-py3-none-any.whl (16 kB)
Using cached starlette-1.6.0-py3-none-any.whl (75 kB)
Using cached typing_inspection-0.4.4-py3-none-any.whl (14 kB)
Using cached uncalled_for-0.4.0-py3-none-any.whl (15 kB)
Using cached uvicorn-0.52.4-py3-none-any.whl (79 kB)
Using cached watchfiles-1.2.0-cp312-cp312-manylinux_2_17_aarch64.manylinux2014_aarch64.whl (453 kB)
Using cached websockets-17.0.1-cp312-cp312-manylinux2014_aarch64.manylinux_2_17_aarch64.manylinux_2_28_aarch64.whl (221 kB)
Using cached aiofile-3.12.3-py3-none-any.whl (22 kB)
Using cached attrs-26.1.0-py3-none-any.whl (67 kB)
Using cached beartype-0.22.9-py3-none-any.whl (1.3 MB)
Using cached cachetools-7.1.7-py3-none-any.whl (16 kB)
Using cached click-8.4.2-py3-none-any.whl (119 kB)
Using cached cryptography-50.0.1-cp311-abi3-manylinux_2_34_aarch64.whl (4.7 MB)
Using cached docstring_parser-0.18.0-py3-none-any.whl (22 kB)
Using cached email_validator-2.3.0-py3-none-any.whl (35 kB)
Using cached h11-0.16.0-py3-none-any.whl (37 kB)
Using cached idna-3.19-py3-none-any.whl (68 kB)
Using cached joserfc-1.7.4-py3-none-any.whl (71 kB)
Using cached jsonschema_specifications-2025.9.1-py3-none-any.whl (18 kB)
Using cached keyring-25.7.0-py3-none-any.whl (39 kB)
Using cached markdown_it_py-4.2.0-py3-none-any.whl (91 kB)
Using cached pathable-0.6.0-py3-none-any.whl (18 kB)
Using cached pygments-2.21.0-py3-none-any.whl (1.3 MB)
Using cached referencing-0.37.0-py3-none-any.whl (26 kB)
Using cached rich_rst-2.1.0-py3-none-any.whl (272 kB)
Using cached rpds_py-2026.6.3-cp312-cp312-manylinux_2_17_aarch64.manylinux2014_aarch64.whl (368 kB)
Using cached certifi-2026.7.22-py3-none-any.whl (136 kB)
Using cached caio-0.12.2-cp312-cp312-manylinux_2_34_aarch64.whl (198 kB)
Using cached cffi-2.1.1-cp312-cp312-manylinux2014_aarch64.manylinux_2_17_aarch64.whl (222 kB)
Using cached dnspython-2.8.0-py3-none-any.whl (331 kB)
Using cached jeepney-0.9.0-py3-none-any.whl (49 kB)
Using cached mdurl-0.1.2-py3-none-any.whl (10.0 kB)
Using cached secretstorage-3.5.0-py3-none-any.whl (15 kB)
Using cached jaraco.classes-3.4.0-py3-none-any.whl (6.8 kB)
Using cached jaraco_context-6.1.2-py3-none-any.whl (7.9 kB)
Using cached jaraco_functools-4.6.0-py3-none-any.whl (11 kB)
Using cached more_itertools-11.1.0-py3-none-any.whl (72 kB)
Using cached pycparser-3.0-py3-none-any.whl (48 kB)
Installing collected packages: pyperclip, websockets, uncalled-for, typing-extensions, rpds-py, pyyaml, python-multipart, python-dotenv, pyjwt, pygments, pycparser, platformdirs, pathable, packaging, more-itertools, mdurl, jsonref, jeepney, jaraco.context, idna, httpx-sse, h11, griffelib, docstring-parser, dnspython, click, certifi, caio, cachetools, beartype, attrs, annotated-types, uvicorn, typing-inspection, referencing, pydantic-core, py-key-value-aio, opentelemetry-api, markdown-it-py, jaraco.functools, jaraco.classes, httpcore, exceptiongroup, email-validator, cffi, anyio, aiofile, watchfiles, starlette, rich, pydantic, jsonschema-specifications, jsonschema-path, httpx, cryptography, sse-starlette, SecretStorage, rich-rst, pydantic-settings, openapi-pydantic, jsonschema, joserfc, mcp, keyring, cyclopts, authlib, fastmcp
Successfully installed SecretStorage-3.5.0 aiofile-3.12.3 annotated-types-0.8.0 anyio-4.14.2 attrs-26.1.0 authlib-1.7.2 beartype-0.22.9 cachetools-7.1.7 caio-0.12.2 certifi-2026.7.22 cffi-2.1.1 click-8.4.2 cryptography-50.0.1 cyclopts-4.23.2 dnspython-2.8.0 docstring-parser-0.18.0 email-validator-2.3.0 exceptiongroup-1.3.1 fastmcp-3.2.4 griffelib-2.2.0 h11-0.16.0 httpcore-1.0.9 httpx-0.28.1 httpx-sse-0.4.3 idna-3.19 jaraco.classes-3.4.0 jaraco.context-6.1.2 jaraco.functools-4.6.0 jeepney-0.9.0 joserfc-1.7.4 jsonref-1.1.0 jsonschema-4.26.0 jsonschema-path-0.5.0 jsonschema-specifications-2025.9.1 keyring-25.7.0 markdown-it-py-4.2.0 mcp-1.27.0 mdurl-0.1.2 more-itertools-11.1.0 openapi-pydantic-0.5.1 opentelemetry-api-1.44.0 packaging-26.3 pathable-0.6.0 platformdirs-4.11.4 py-key-value-aio-0.4.5 pycparser-3.0 pydantic-2.13.1 pydantic-core-2.46.1 pydantic-settings-2.15.0 pygments-2.21.0 pyjwt-2.13.0 pyperclip-1.11.0 python-dotenv-1.2.3 python-multipart-0.0.32 pyyaml-6.0.3 referencing-0.37.0 rich-15.0.0 rich-rst-2.1.0 rpds-py-2026.6.3 sse-starlette-3.4.8 starlette-1.6.0 typing-extensions-4.15.0 typing-inspection-0.4.4 uncalled-for-0.4.0 uvicorn-0.52.4 watchfiles-1.2.0 websockets-17.0.1
WARNING: Target directory /usr/irissys/mgr/python/docstring_parser already exists. Specify --upgrade to force replacement.
WARNING: Target directory /usr/irissys/mgr/python/jaraco_functools-4.6.0.dist-info already exists. Specify --upgrade to force replacement.
WARNING: Target directory /usr/irissys/mgr/python/packaging already exists. Specify --upgrade to force replacement.
WARNING: Target directory /usr/irissys/mgr/python/jeepney already exists. Specify --upgrade to force replacement.
WARNING: Target directory /usr/irissys/mgr/python/exceptiongroup already exists. Specify --upgrade to force replacement.
WARNING: Target directory /usr/irissys/mgr/python/__pycache__ already exists. Specify --upgrade to force replacement.
WARNING: Target directory /usr/irissys/mgr/python/anyio-4.14.2.dist-info already exists. Specify --upgrade to force replacement.
WARNING: Target directory /usr/irissys/mgr/python/griffe already exists. Specify --upgrade to force replacement.
WARNING: Target directory /usr/irissys/mgr/python/typing_inspection-0.4.4.dist-info already exists. Specify --upgrade to force replacement.
WARNING: Target directory /usr/irissys/mgr/python/authlib already exists. Specify --upgrade to force replacement.
WARNING: Target directory /usr/irissys/mgr/python/pycparser already exists. Specify --upgrade to force replacement.
WARNING: Target directory /usr/irissys/mgr/python/openapi_pydantic-0.5.1.dist-info already exists. Specify --upgrade to force replacement.
WARNING: Target directory /usr/irissys/mgr/python/idna-3.19.dist-info already exists. Specify --upgrade to force replacement.
WARNING: Target directory /usr/irissys/mgr/python/watchfiles already exists. Specify --upgrade to force replacement.
WARNING: Target directory /usr/irissys/mgr/python/watchfiles-1.2.0.dist-info already exists. Specify --upgrade to force replacement.
WARNING: Target directory /usr/irissys/mgr/python/rich_rst-2.1.0.dist-info already exists. Specify --upgrade to force replacement.
WARNING: Target directory /usr/irissys/mgr/python/mdurl already exists. Specify --upgrade to force replacement.
WARNING: Target directory /usr/irissys/mgr/python/httpx already exists. Specify --upgrade to force replacement.
WARNING: Target directory /usr/irissys/mgr/python/httpcore already exists. Specify --upgrade to force replacement.
WARNING: Target directory /usr/irissys/mgr/python/mcp-1.27.0.dist-info already exists. Specify --upgrade to force replacement.
WARNING: Target directory /usr/irissys/mgr/python/fastmcp-3.2.4.dist-info already exists. Specify --upgrade to force replacement.
WARNING: Target directory /usr/irissys/mgr/python/_cffi_backend.cpython-312-aarch64-linux-gnu.so already exists. Specify --upgrade to force replacement.
WARNING: Target directory /usr/irissys/mgr/python/mdurl-0.1.2.dist-info already exists. Specify --upgrade to force replacement.
WARNING: Target directory /usr/irissys/mgr/python/pydantic_core already exists. Specify --upgrade to force replacement.
WARNING: Target directory /usr/irissys/mgr/python/markdown_it_py-4.2.0.dist-info already exists. Specify --upgrade to force replacement.
WARNING: Target directory /usr/irissys/mgr/python/httpx-0.28.1.dist-info already exists. Specify --upgrade to force replacement.
WARNING: Target directory /usr/irissys/mgr/python/secretstorage already exists. Specify --upgrade to force replacement.
WARNING: Target directory /usr/irissys/mgr/python/anyio already exists. Specify --upgrade to force replacement.
WARNING: Target directory /usr/irissys/mgr/python/pyjwt-2.13.0.dist-info already exists. Specify --upgrade to force replacement.
WARNING: Target directory /usr/irissys/mgr/python/attrs already exists. Specify --upgrade to force replacement.
WARNING: Target directory /usr/irissys/mgr/python/sse_starlette-3.4.8.dist-info already exists. Specify --upgrade to force replacement.
WARNING: Target directory /usr/irissys/mgr/python/cachetools-7.1.7.dist-info already exists. Specify --upgrade to force replacement.
WARNING: Target directory /usr/irissys/mgr/python/pydantic already exists. Specify --upgrade to force replacement.
WARNING: Target directory /usr/irissys/mgr/python/rpds_py-2026.6.3.dist-info already exists. Specify --upgrade to force replacement.
WARNING: Target directory /usr/irissys/mgr/python/uncalled_for already exists. Specify --upgrade to force replacement.
WARNING: Target directory /usr/irissys/mgr/python/exceptiongroup-1.3.1.dist-info already exists. Specify --upgrade to force replacement.
WARNING: Target directory /usr/irissys/mgr/python/griffelib-2.2.0.dist-info already exists. Specify --upgrade to force replacement.
WARNING: Target directory /usr/irissys/mgr/python/cryptography already exists. Specify --upgrade to force replacement.
WARNING: Target directory /usr/irissys/mgr/python/authlib-1.7.2.dist-info already exists. Specify --upgrade to force replacement.
WARNING: Target directory /usr/irissys/mgr/python/jaraco_context-6.1.2.dist-info already exists. Specify --upgrade to force replacement.
WARNING: Target directory /usr/irissys/mgr/python/pyyaml-6.0.3.dist-info already exists. Specify --upgrade to force replacement.
WARNING: Target directory /usr/irissys/mgr/python/referencing-0.37.0.dist-info already exists. Specify --upgrade to force replacement.
WARNING: Target directory /usr/irissys/mgr/python/jsonschema_specifications already exists. Specify --upgrade to force replacement.
WARNING: Target directory /usr/irissys/mgr/python/pydantic_core-2.46.1.dist-info already exists. Specify --upgrade to force replacement.
WARNING: Target directory /usr/irissys/mgr/python/jsonschema already exists. Specify --upgrade to force replacement.
WARNING: Target directory /usr/irissys/mgr/python/tests already exists. Specify --upgrade to force replacement.
WARNING: Target directory /usr/irissys/mgr/python/secretstorage-3.5.0.dist-info already exists. Specify --upgrade to force replacement.
WARNING: Target directory /usr/irissys/mgr/python/_yaml already exists. Specify --upgrade to force replacement.
WARNING: Target directory /usr/irissys/mgr/python/fastmcp already exists. Specify --upgrade to force replacement.
WARNING: Target directory /usr/irissys/mgr/python/websockets-17.0.1.dist-info already exists. Specify --upgrade to force replacement.
WARNING: Target directory /usr/irissys/mgr/python/cffi-2.1.1.dist-info already exists. Specify --upgrade to force replacement.
WARNING: Target directory /usr/irissys/mgr/python/h11 already exists. Specify --upgrade to force replacement.
WARNING: Target directory /usr/irissys/mgr/python/pycparser-3.0.dist-info already exists. Specify --upgrade to force replacement.
WARNING: Target directory /usr/irissys/mgr/python/cyclopts already exists. Specify --upgrade to force replacement.
WARNING: Target directory /usr/irissys/mgr/python/pydantic_settings-2.15.0.dist-info already exists. Specify --upgrade to force replacement.
WARNING: Target directory /usr/irissys/mgr/python/annotated_types already exists. Specify --upgrade to force replacement.
WARNING: Target directory /usr/irissys/mgr/python/jsonschema_path already exists. Specify --upgrade to force replacement.
WARNING: Target directory /usr/irissys/mgr/python/pyperclip already exists. Specify --upgrade to force replacement.
WARNING: Target directory /usr/irissys/mgr/python/python_multipart-0.0.32.dist-info already exists. Specify --upgrade to force replacement.
WARNING: Target directory /usr/irissys/mgr/python/uncalled_for-0.4.0.dist-info already exists. Specify --upgrade to force replacement.
WARNING: Target directory /usr/irissys/mgr/python/pydantic_settings already exists. Specify --upgrade to force replacement.
WARNING: Target directory /usr/irissys/mgr/python/uvicorn-0.52.4.dist-info already exists. Specify --upgrade to force replacement.
WARNING: Target directory /usr/irissys/mgr/python/referencing already exists. Specify --upgrade to force replacement.
WARNING: Target directory /usr/irissys/mgr/python/openapi_pydantic already exists. Specify --upgrade to force replacement.
WARNING: Target directory /usr/irissys/mgr/python/py_key_value_aio-0.4.5.dist-info already exists. Specify --upgrade to force replacement.
WARNING: Target directory /usr/irissys/mgr/python/uvicorn already exists. Specify --upgrade to force replacement.
WARNING: Target directory /usr/irissys/mgr/python/jsonref.py already exists. Specify --upgrade to force replacement.
WARNING: Target directory /usr/irissys/mgr/python/dnspython-2.8.0.dist-info already exists. Specify --upgrade to force replacement.
WARNING: Target directory /usr/irissys/mgr/python/h11-0.16.0.dist-info already exists. Specify --upgrade to force replacement.
WARNING: Target directory /usr/irissys/mgr/python/typing_inspection already exists. Specify --upgrade to force replacement.
WARNING: Target directory /usr/irissys/mgr/python/starlette already exists. Specify --upgrade to force replacement.
WARNING: Target directory /usr/irissys/mgr/python/multipart already exists. Specify --upgrade to force replacement.
WARNING: Target directory /usr/irissys/mgr/python/packaging-26.3.dist-info already exists. Specify --upgrade to force replacement.
WARNING: Target directory /usr/irissys/mgr/python/jaraco already exists. Specify --upgrade to force replacement.
WARNING: Target directory /usr/irissys/mgr/python/pathable already exists. Specify --upgrade to force replacement.
WARNING: Target directory /usr/irissys/mgr/python/jeepney-0.9.0.dist-info already exists. Specify --upgrade to force replacement.
WARNING: Target directory /usr/irissys/mgr/python/certifi already exists. Specify --upgrade to force replacement.
WARNING: Target directory /usr/irissys/mgr/python/keyring already exists. Specify --upgrade to force replacement.
WARNING: Target directory /usr/irissys/mgr/python/typing_extensions.py already exists. Specify --upgrade to force replacement.
WARNING: Target directory /usr/irissys/mgr/python/annotated_types-0.8.0.dist-info already exists. Specify --upgrade to force replacement.
WARNING: Target directory /usr/irissys/mgr/python/idna already exists. Specify --upgrade to force replacement.
WARNING: Target directory /usr/irissys/mgr/python/httpx_sse-0.4.3.dist-info already exists. Specify --upgrade to force replacement.
WARNING: Target directory /usr/irissys/mgr/python/mcp already exists. Specify --upgrade to force replacement.
WARNING: Target directory /usr/irissys/mgr/python/platformdirs-4.11.4.dist-info already exists. Specify --upgrade to force replacement.
WARNING: Target directory /usr/irissys/mgr/python/aiofile already exists. Specify --upgrade to force replacement.
WARNING: Target directory /usr/irissys/mgr/python/joserfc-1.7.4.dist-info already exists. Specify --upgrade to force replacement.
WARNING: Target directory /usr/irissys/mgr/python/click-8.4.2.dist-info already exists. Specify --upgrade to force replacement.
WARNING: Target directory /usr/irissys/mgr/python/attrs-26.1.0.dist-info already exists. Specify --upgrade to force replacement.
WARNING: Target directory /usr/irissys/mgr/python/pathable-0.6.0.dist-info already exists. Specify --upgrade to force replacement.
WARNING: Target directory /usr/irissys/mgr/python/cffi already exists. Specify --upgrade to force replacement.
WARNING: Target directory /usr/irissys/mgr/python/keyring-25.7.0.dist-info already exists. Specify --upgrade to force replacement.
WARNING: Target directory /usr/irissys/mgr/python/beartype-0.22.9.dist-info already exists. Specify --upgrade to force replacement.
WARNING: Target directory /usr/irissys/mgr/python/rpds already exists. Specify --upgrade to force replacement.
WARNING: Target directory /usr/irissys/mgr/python/cyclopts-4.23.2.dist-info already exists. Specify --upgrade to force replacement.
WARNING: Target directory /usr/irissys/mgr/python/opentelemetry_api-1.44.0.dist-info already exists. Specify --upgrade to force replacement.
WARNING: Target directory /usr/irissys/mgr/python/rich-15.0.0.dist-info already exists. Specify --upgrade to force replacement.
WARNING: Target directory /usr/irissys/mgr/python/httpcore-1.0.9.dist-info already exists. Specify --upgrade to force replacement.
WARNING: Target directory /usr/irissys/mgr/python/typing_extensions-4.15.0.dist-info already exists. Specify --upgrade to force replacement.
WARNING: Target directory /usr/irissys/mgr/python/yaml already exists. Specify --upgrade to force replacement.
WARNING: Target directory /usr/irissys/mgr/python/httpx_sse already exists. Specify --upgrade to force replacement.
WARNING: Target directory /usr/irissys/mgr/python/cachetools already exists. Specify --upgrade to force replacement.
WARNING: Target directory /usr/irissys/mgr/python/joserfc already exists. Specify --upgrade to force replacement.
WARNING: Target directory /usr/irissys/mgr/python/jsonschema-4.26.0.dist-info already exists. Specify --upgrade to force replacement.
WARNING: Target directory /usr/irissys/mgr/python/jsonschema_path-0.5.0.dist-info already exists. Specify --upgrade to force replacement.
WARNING: Target directory /usr/irissys/mgr/python/more_itertools already exists. Specify --upgrade to force replacement.
WARNING: Target directory /usr/irissys/mgr/python/pydantic-2.13.1.dist-info already exists. Specify --upgrade to force replacement.
WARNING: Target directory /usr/irissys/mgr/python/email_validator-2.3.0.dist-info already exists. Specify --upgrade to force replacement.
WARNING: Target directory /usr/irissys/mgr/python/rich already exists. Specify --upgrade to force replacement.
WARNING: Target directory /usr/irissys/mgr/python/certifi-2026.7.22.dist-info already exists. Specify --upgrade to force replacement.
WARNING: Target directory /usr/irissys/mgr/python/rich_rst already exists. Specify --upgrade to force replacement.
WARNING: Target directory /usr/irissys/mgr/python/docstring_parser-0.18.0.dist-info already exists. Specify --upgrade to force replacement.
WARNING: Target directory /usr/irissys/mgr/python/opentelemetry already exists. Specify --upgrade to force replacement.
WARNING: Target directory /usr/irissys/mgr/python/platformdirs already exists. Specify --upgrade to force replacement.
WARNING: Target directory /usr/irissys/mgr/python/attr already exists. Specify --upgrade to force replacement.
WARNING: Target directory /usr/irissys/mgr/python/caio-0.12.2.dist-info already exists. Specify --upgrade to force replacement.
WARNING: Target directory /usr/irissys/mgr/python/jsonref-1.1.0.dist-info already exists. Specify --upgrade to force replacement.
WARNING: Target directory /usr/irissys/mgr/python/pygments-2.21.0.dist-info already exists. Specify --upgrade to force replacement.
WARNING: Target directory /usr/irissys/mgr/python/python_multipart already exists. Specify --upgrade to force replacement.
WARNING: Target directory /usr/irissys/mgr/python/cryptography-50.0.1.dist-info already exists. Specify --upgrade to force replacement.
WARNING: Target directory /usr/irissys/mgr/python/pygments already exists. Specify --upgrade to force replacement.
WARNING: Target directory /usr/irissys/mgr/python/jsonschema_specifications-2025.9.1.dist-info already exists. Specify --upgrade to force replacement.
WARNING: Target directory /usr/irissys/mgr/python/caio already exists. Specify --upgrade to force replacement.
WARNING: Target directory /usr/irissys/mgr/python/more_itertools-11.1.0.dist-info already exists. Specify --upgrade to force replacement.
WARNING: Target directory /usr/irissys/mgr/python/email_validator already exists. Specify --upgrade to force replacement.
WARNING: Target directory /usr/irissys/mgr/python/dotenv already exists. Specify --upgrade to force replacement.
WARNING: Target directory /usr/irissys/mgr/python/markdown_it already exists. Specify --upgrade to force replacement.
WARNING: Target directory /usr/irissys/mgr/python/jaraco.classes-3.4.0.dist-info already exists. Specify --upgrade to force replacement.
WARNING: Target directory /usr/irissys/mgr/python/proxytypes.py already exists. Specify --upgrade to force replacement.
WARNING: Target directory /usr/irissys/mgr/python/dns already exists. Specify --upgrade to force replacement.
WARNING: Target directory /usr/irissys/mgr/python/sse_starlette already exists. Specify --upgrade to force replacement.
WARNING: Target directory /usr/irissys/mgr/python/starlette-1.6.0.dist-info already exists. Specify --upgrade to force replacement.
WARNING: Target directory /usr/irissys/mgr/python/beartype already exists. Specify --upgrade to force replacement.
WARNING: Target directory /usr/irissys/mgr/python/websockets already exists. Specify --upgrade to force replacement.
WARNING: Target directory /usr/irissys/mgr/python/python_dotenv-1.2.3.dist-info already exists. Specify --upgrade to force replacement.
WARNING: Target directory /usr/irissys/mgr/python/pyperclip-1.11.0.dist-info already exists. Specify --upgrade to force replacement.
WARNING: Target directory /usr/irissys/mgr/python/click already exists. Specify --upgrade to force replacement.
WARNING: Target directory /usr/irissys/mgr/python/aiofile-3.12.3.dist-info already exists. Specify --upgrade to force replacement.
WARNING: Target directory /usr/irissys/mgr/python/jwt already exists. Specify --upgrade to force replacement.
WARNING: Target directory /usr/irissys/mgr/python/key_value already exists. Specify --upgrade to force replacement.
WARNING: Target directory /usr/irissys/mgr/python/bin already exists. Specify --upgrade to force replacement.

[IRISAPP|ai-hub-dev-template]	requirements.txt SUCCESS
Load of directory started on 08/25/2026 20:41:13 '*'

Loading file /home/irisowner/dev/src/Sample/Agent.cls as udl
Loading file /home/irisowner/dev/src/Sample/MCPService.cls as udl
Loading file /home/irisowner/dev/src/Sample/MCPSetup.cls as udl
Loading file /home/irisowner/dev/src/Sample/Person.cls as udl
Loading file /home/irisowner/dev/src/Sample/Tools.cls as udl
Loading file /home/irisowner/dev/src/Sample/ToolSet.cls as udl
Load finished successfully.

[IRISAPP|ai-hub-dev-template]	Reload SUCCESS
[ai-hub-dev-template]	Module object refreshed.
[IRISAPP|ai-hub-dev-template]	Validate START
[IRISAPP|ai-hub-dev-template]	Validate SUCCESS
[IRISAPP|ai-hub-dev-template]	Compile START
Compilation started on 08/25/2026 20:41:13 with qualifiers 'd-lck'
Compiling 6 classes
Compiling class Sample.Agent
Compiling class Sample.MCPService
Compiling class Sample.MCPSetup
Compiling class Sample.Person
Compiling table Sample.Person
Compiling routine Sample.Agent.1
Compiling routine Sample.MCPSetup.1
Compiling routine Sample.Person.1
Compiling class Sample.Tools
Compiling routine Sample.Tools.1
Compiling class Sample.ToolSet
Compiling routine Sample.ToolSet.1
Compilation finished successfully in 0.083s.

[IRISAPP|ai-hub-dev-template]	Compile SUCCESS
[IRISAPP|ai-hub-dev-template]	Activate START
[IRISAPP|ai-hub-dev-template]	Configure STARTMCP Service created successfully.

[IRISAPP|ai-hub-dev-template]	Configure SUCCESS
Seeding update steps for module = ai-hub-dev-template, for version = 2.0.9

[IRISAPP|ai-hub-dev-template]	Activate SUCCESS
Node: 736fc67a1a1a, Instance: IRIS

USER>

%SYS>

%SYS>

%SYS>

%SYS>

%SYS>

%SYS>

%SYS>

%SYS>

%SYS>

%SYS>

%SYS>

Load started on 08/25/2026 20:52:26
Loading file /usr/irissys/mgr/Temp/4a83gMXwKPgARQ.xml as xml
Imported class: IPM.Installer
Compiling class IPM.Installer
Compiling routine IPM.Installer.1
Load finished successfully.

%SYS>

%SYS>

%SYS>

%SYS>

%SYS>

%SYS>

%SYS>

%SYS>

Version of IPM in current namespace: 
%SYS> [32mzpm [0m0.10.9

RUNNING command: "repo -delete-all"
[32mCommand "repo -delete-all" finished successfull[0m

RUNNING command: "repo -reset-defaults"
[33mWARNING: Using -password via the CLI is insecure. Use -password-stdin or -password-env.[0m
registry
	Source: 			https://pm.community.intersystems.com
	Enabled?			Yes
	Available?			Yes
	Use for Snapshots?		Yes
	Use for Prereleases?		Yes
	Is Read-Only?			No
	Default Deployment Registry? 	No

registry
	Source: 			https://pm.community.intersystems.com
	Enabled?			Yes
	Available?			Yes
	Use for Snapshots?		Yes
	Use for Prereleases?		Yes
	Is Read-Only?			No
	Default Deployment Registry? 	No

[32mCommand "repo -reset-defaults" finished successfull[0m

RUNNING command: "enable -map -repos -globally"
Version of IPM in current namespace: 
%SYS> [32mzpm [0m0.10.9
Skipping IPM mapping of %SYS - IPM already installed.
Mapping %IPM package in %SYS equivalently to AI_HUB_STUDIO
Mapping %IPM.* routines in %SYS equivalently to AI_HUB_STUDIO
Mapping %IPM package in %SYS equivalently to USER
Mapping %IPM.* routines in %SYS equivalently to USER
Skipping repository mapping of %SYS - IPM not mapped from source namespace.
Mapping IPM repository in %SYS equivalently to AI_HUB_STUDIO
Mapping IPM repository in %SYS equivalently to USER
Done.

[35m%SYS> [0m         [32mzpm[0m [39m0.10.9[0m
[35mAI_HUB_STUDIO> [0m[32mzpm[0m [39m0.10.9[0m
               [39mInstalled In: [0m%SYS 
[35mUSER> [0m         [32mzpm[0m [39m0.10.9[0m
               [39mInstalled In: [0m%SYS 
[39mhttps://pm.community.intersystems.com[0m - 1.0.0
[32mCommand "enable -map -repos -globally" finished successfull[0m
%SYS>

%SYS>

AI_HUB_STUDIO>

AI_HUB_STUDIO>

AI_HUB_STUDIO>

Building dependency graph...Done.
[AI_HUB_STUDIO|vscode-per-namespace-settings]	Initialize START
[AI_HUB_STUDIO|vscode-per-namespace-settings]	Initialize SUCCESS
[AI_HUB_STUDIO|vscode-per-namespace-settings]	Reload START (/usr/irissys/ipm/vscode-per-namespace-settings/1.0.0/)
[AI_HUB_STUDIO|vscode-per-namespace-settings]	Reload SUCCESS
[vscode-per-namespace-settings]	Module object refreshed.
[AI_HUB_STUDIO|vscode-per-namespace-settings]	Validate START
[AI_HUB_STUDIO|vscode-per-namespace-settings]	Validate SUCCESS
[AI_HUB_STUDIO|vscode-per-namespace-settings]	Compile START
[AI_HUB_STUDIO|vscode-per-namespace-settings]	Compile SUCCESS
[AI_HUB_STUDIO|vscode-per-namespace-settings]	Activate START
[AI_HUB_STUDIO|vscode-per-namespace-settings]	Configure START
Deleting class %Z.IPM.Bootstraps.Main
[AI_HUB_STUDIO|vscode-per-namespace-settings]	Configure SUCCESS
[AI_HUB_STUDIO|vscode-per-namespace-settings]	Activate SUCCESS
AI_HUB_STUDIO>

AI_HUB_STUDIO>

AI_HUB_STUDIO>

AI_HUB_STUDIO>

AI_HUB_STUDIO>

AI_HUB_STUDIO>

Load started on 08/25/2026 20:52:29
Loading file /home/irisowner/dev/module.xml as xml
Imported document: ai-hub-dev-template.ZPM
Load finished successfully.

Building dependency graph...Done.
Created inverted dependency graph from dependency graph
Constructed flat dependency list from inverted dependency graph
Starting installation of dependencies...

Load started on 08/25/2026 20:52:29
Loading file /home/irisowner/dev/module.xml as xml
Imported document: ai-hub-dev-template.ZPM
Load finished successfully.

Loading ai-hub-dev-template in process 1046
[AI_HUB_STUDIO|ai-hub-dev-template]	Initialize START
Skipping preload - directory does not exist.
[AI_HUB_STUDIO|ai-hub-dev-template]	Initialize SUCCESS
[AI_HUB_STUDIO|ai-hub-dev-template]	Reload START (/home/irisowner/dev/)
[AI_HUB_STUDIO|ai-hub-dev-template]	requirements.txt START

Detecting pip caller
Attempting to find flexible python... 
Attempting to find python3 or python...Success!
Running command=$lb("python3","-m","pip","install","-r","requirements.txt","-t","/usr/irissys/mgr/python/","--python-version","3.12.3","--only-binary=:all:")
Collecting fastmcp==3.2.4 (from -r requirements.txt (line 1))
  Using cached fastmcp-3.2.4-py3-none-any.whl.metadata (8.1 kB)
Collecting mcp==1.27.0 (from -r requirements.txt (line 2))
  Using cached mcp-1.27.0-py3-none-any.whl.metadata (8.2 kB)
Collecting pydantic==2.13.1 (from -r requirements.txt (line 3))
  Using cached pydantic-2.13.1-py3-none-any.whl.metadata (108 kB)
Collecting pydantic-core==2.46.1 (from -r requirements.txt (line 4))
  Using cached pydantic_core-2.46.1-cp312-cp312-manylinux_2_17_aarch64.manylinux2014_aarch64.whl.metadata (6.6 kB)
Collecting typing-extensions==4.15.0 (from -r requirements.txt (line 5))
  Using cached typing_extensions-4.15.0-py3-none-any.whl.metadata (3.3 kB)
Collecting authlib>=1.6.5 (from fastmcp==3.2.4->-r requirements.txt (line 1))
  Using cached authlib-1.7.2-py2.py3-none-any.whl.metadata (10 kB)
Collecting cyclopts>=4.0.0 (from fastmcp==3.2.4->-r requirements.txt (line 1))
  Using cached cyclopts-4.23.2-py3-none-any.whl.metadata (12 kB)
Collecting exceptiongroup>=1.2.2 (from fastmcp==3.2.4->-r requirements.txt (line 1))
  Using cached exceptiongroup-1.3.1-py3-none-any.whl.metadata (6.7 kB)
Collecting griffelib>=2.0.0 (from fastmcp==3.2.4->-r requirements.txt (line 1))
  Using cached griffelib-2.2.0-py3-none-any.whl.metadata (1.3 kB)
Collecting httpx<1.0,>=0.28.1 (from fastmcp==3.2.4->-r requirements.txt (line 1))
  Using cached httpx-0.28.1-py3-none-any.whl.metadata (7.1 kB)
Collecting jsonref>=1.1.0 (from fastmcp==3.2.4->-r requirements.txt (line 1))
  Using cached jsonref-1.1.0-py3-none-any.whl.metadata (2.7 kB)
Collecting jsonschema-path>=0.3.4 (from fastmcp==3.2.4->-r requirements.txt (line 1))
  Using cached jsonschema_path-0.5.0-py3-none-any.whl.metadata (8.1 kB)
Collecting openapi-pydantic>=0.5.1 (from fastmcp==3.2.4->-r requirements.txt (line 1))
  Using cached openapi_pydantic-0.5.1-py3-none-any.whl.metadata (10 kB)
Collecting opentelemetry-api>=1.20.0 (from fastmcp==3.2.4->-r requirements.txt (line 1))
  Using cached opentelemetry_api-1.44.0-py3-none-any.whl.metadata (1.4 kB)
Collecting packaging>=24.0 (from fastmcp==3.2.4->-r requirements.txt (line 1))
  Using cached packaging-26.3-py3-none-any.whl.metadata (3.5 kB)
Collecting platformdirs>=4.0.0 (from fastmcp==3.2.4->-r requirements.txt (line 1))
  Using cached platformdirs-4.11.4-py3-none-any.whl.metadata (5.5 kB)
Collecting py-key-value-aio<0.5.0,>=0.4.4 (from py-key-value-aio[filetree,keyring,memory]<0.5.0,>=0.4.4->fastmcp==3.2.4->-r requirements.txt (line 1))
  Using cached py_key_value_aio-0.4.5-py3-none-any.whl.metadata (16 kB)
Collecting pyperclip>=1.9.0 (from fastmcp==3.2.4->-r requirements.txt (line 1))
  Using cached pyperclip-1.11.0-py3-none-any.whl.metadata (2.4 kB)
Collecting python-dotenv>=1.1.0 (from fastmcp==3.2.4->-r requirements.txt (line 1))
  Using cached python_dotenv-1.2.3-py3-none-any.whl.metadata (29 kB)
Collecting pyyaml<7.0,>=6.0 (from fastmcp==3.2.4->-r requirements.txt (line 1))
  Using cached pyyaml-6.0.3-cp312-cp312-manylinux2014_aarch64.manylinux_2_17_aarch64.manylinux_2_28_aarch64.whl.metadata (2.4 kB)
Collecting rich>=13.9.4 (from fastmcp==3.2.4->-r requirements.txt (line 1))
  Using cached rich-15.0.0-py3-none-any.whl.metadata (18 kB)
Collecting uncalled-for>=0.2.0 (from fastmcp==3.2.4->-r requirements.txt (line 1))
  Using cached uncalled_for-0.4.0-py3-none-any.whl.metadata (4.4 kB)
Collecting uvicorn>=0.35 (from fastmcp==3.2.4->-r requirements.txt (line 1))
  Using cached uvicorn-0.52.4-py3-none-any.whl.metadata (6.6 kB)
Collecting watchfiles>=1.0.0 (from fastmcp==3.2.4->-r requirements.txt (line 1))
  Using cached watchfiles-1.2.0-cp312-cp312-manylinux_2_17_aarch64.manylinux2014_aarch64.whl.metadata (4.9 kB)
Collecting websockets>=15.0.1 (from fastmcp==3.2.4->-r requirements.txt (line 1))
  Using cached websockets-17.0.1-cp312-cp312-manylinux2014_aarch64.manylinux_2_17_aarch64.manylinux_2_28_aarch64.whl.metadata (6.3 kB)
Collecting anyio>=4.5 (from mcp==1.27.0->-r requirements.txt (line 2))
  Using cached anyio-4.14.2-py3-none-any.whl.metadata (4.6 kB)
Collecting httpx-sse>=0.4 (from mcp==1.27.0->-r requirements.txt (line 2))
  Using cached httpx_sse-0.4.3-py3-none-any.whl.metadata (9.7 kB)
Collecting jsonschema>=4.20.0 (from mcp==1.27.0->-r requirements.txt (line 2))
  Using cached jsonschema-4.26.0-py3-none-any.whl.metadata (7.6 kB)
Collecting pydantic-settings>=2.5.2 (from mcp==1.27.0->-r requirements.txt (line 2))
  Using cached pydantic_settings-2.15.0-py3-none-any.whl.metadata (3.9 kB)
Collecting pyjwt>=2.10.1 (from pyjwt[crypto]>=2.10.1->mcp==1.27.0->-r requirements.txt (line 2))
  Using cached pyjwt-2.13.0-py3-none-any.whl.metadata (3.4 kB)
Collecting python-multipart>=0.0.9 (from mcp==1.27.0->-r requirements.txt (line 2))
  Using cached python_multipart-0.0.32-py3-none-any.whl.metadata (2.1 kB)
Collecting sse-starlette>=1.6.1 (from mcp==1.27.0->-r requirements.txt (line 2))
  Using cached sse_starlette-3.4.8-py3-none-any.whl.metadata (15 kB)
Collecting starlette>=0.27 (from mcp==1.27.0->-r requirements.txt (line 2))
  Using cached starlette-1.6.0-py3-none-any.whl.metadata (6.4 kB)
Collecting typing-inspection>=0.4.1 (from mcp==1.27.0->-r requirements.txt (line 2))
  Using cached typing_inspection-0.4.4-py3-none-any.whl.metadata (2.6 kB)
Collecting annotated-types>=0.6.0 (from pydantic==2.13.1->-r requirements.txt (line 3))
  Using cached annotated_types-0.8.0-py3-none-any.whl.metadata (15 kB)
Collecting idna>=2.8 (from anyio>=4.5->mcp==1.27.0->-r requirements.txt (line 2))
  Using cached idna-3.19-py3-none-any.whl.metadata (9.2 kB)
Collecting cryptography (from authlib>=1.6.5->fastmcp==3.2.4->-r requirements.txt (line 1))
  Using cached cryptography-50.0.1-cp311-abi3-manylinux_2_34_aarch64.whl.metadata (4.3 kB)
Collecting joserfc>=1.6.0 (from authlib>=1.6.5->fastmcp==3.2.4->-r requirements.txt (line 1))
  Using cached joserfc-1.7.4-py3-none-any.whl.metadata (3.1 kB)
Collecting attrs>=23.1.0 (from cyclopts>=4.0.0->fastmcp==3.2.4->-r requirements.txt (line 1))
  Using cached attrs-26.1.0-py3-none-any.whl.metadata (8.8 kB)
Collecting docstring-parser<4.0,>=0.15 (from cyclopts>=4.0.0->fastmcp==3.2.4->-r requirements.txt (line 1))
  Using cached docstring_parser-0.18.0-py3-none-any.whl.metadata (3.5 kB)
Collecting rich-rst<3.0.0,>=1.3.1 (from cyclopts>=4.0.0->fastmcp==3.2.4->-r requirements.txt (line 1))
  Using cached rich_rst-2.1.0-py3-none-any.whl.metadata (4.7 kB)
Collecting certifi (from httpx<1.0,>=0.28.1->fastmcp==3.2.4->-r requirements.txt (line 1))
  Using cached certifi-2026.7.22-py3-none-any.whl.metadata (2.5 kB)
Collecting httpcore==1.* (from httpx<1.0,>=0.28.1->fastmcp==3.2.4->-r requirements.txt (line 1))
  Using cached httpcore-1.0.9-py3-none-any.whl.metadata (21 kB)
Collecting h11>=0.16 (from httpcore==1.*->httpx<1.0,>=0.28.1->fastmcp==3.2.4->-r requirements.txt (line 1))
  Using cached h11-0.16.0-py3-none-any.whl.metadata (8.3 kB)
Collecting jsonschema-specifications>=2023.03.6 (from jsonschema>=4.20.0->mcp==1.27.0->-r requirements.txt (line 2))
  Using cached jsonschema_specifications-2025.9.1-py3-none-any.whl.metadata (2.9 kB)
Collecting referencing>=0.28.4 (from jsonschema>=4.20.0->mcp==1.27.0->-r requirements.txt (line 2))
  Using cached referencing-0.37.0-py3-none-any.whl.metadata (2.8 kB)
Collecting rpds-py>=0.25.0 (from jsonschema>=4.20.0->mcp==1.27.0->-r requirements.txt (line 2))
  Using cached rpds_py-2026.6.3-cp312-cp312-manylinux_2_17_aarch64.manylinux2014_aarch64.whl.metadata (4.1 kB)
Collecting pathable<0.7.0,>=0.6.0 (from jsonschema-path>=0.3.4->fastmcp==3.2.4->-r requirements.txt (line 1))
  Using cached pathable-0.6.0-py3-none-any.whl.metadata (7.2 kB)
Collecting beartype>=0.20.0 (from py-key-value-aio<0.5.0,>=0.4.4->py-key-value-aio[filetree,keyring,memory]<0.5.0,>=0.4.4->fastmcp==3.2.4->-r requirements.txt (line 1))
  Using cached beartype-0.22.9-py3-none-any.whl.metadata (37 kB)
Collecting aiofile>=3.5.0 (from py-key-value-aio[filetree,keyring,memory]<0.5.0,>=0.4.4->fastmcp==3.2.4->-r requirements.txt (line 1))
  Using cached aiofile-3.12.3-py3-none-any.whl.metadata (17 kB)
Collecting keyring>=25.6.0 (from py-key-value-aio[filetree,keyring,memory]<0.5.0,>=0.4.4->fastmcp==3.2.4->-r requirements.txt (line 1))
  Using cached keyring-25.7.0-py3-none-any.whl.metadata (21 kB)
Collecting cachetools>=5.0.0 (from py-key-value-aio[filetree,keyring,memory]<0.5.0,>=0.4.4->fastmcp==3.2.4->-r requirements.txt (line 1))
  Using cached cachetools-7.1.7-py3-none-any.whl.metadata (5.5 kB)
Collecting email-validator>=2.0.0 (from pydantic[email]>=2.11.7->fastmcp==3.2.4->-r requirements.txt (line 1))
  Using cached email_validator-2.3.0-py3-none-any.whl.metadata (26 kB)
Collecting markdown-it-py>=2.2.0 (from rich>=13.9.4->fastmcp==3.2.4->-r requirements.txt (line 1))
  Using cached markdown_it_py-4.2.0-py3-none-any.whl.metadata (7.4 kB)
Collecting pygments<3.0.0,>=2.13.0 (from rich>=13.9.4->fastmcp==3.2.4->-r requirements.txt (line 1))
  Using cached pygments-2.21.0-py3-none-any.whl.metadata (2.5 kB)
Collecting click>=7.0 (from uvicorn>=0.35->fastmcp==3.2.4->-r requirements.txt (line 1))
  Using cached click-8.4.2-py3-none-any.whl.metadata (2.6 kB)
Collecting caio~=0.12.0 (from aiofile>=3.5.0->py-key-value-aio[filetree,keyring,memory]<0.5.0,>=0.4.4->fastmcp==3.2.4->-r requirements.txt (line 1))
  Using cached caio-0.12.2-cp312-cp312-manylinux_2_34_aarch64.whl.metadata (4.5 kB)
Collecting cffi>=2.0.0 (from cryptography->authlib>=1.6.5->fastmcp==3.2.4->-r requirements.txt (line 1))
  Using cached cffi-2.1.1-cp312-cp312-manylinux2014_aarch64.manylinux_2_17_aarch64.whl.metadata (2.5 kB)
Collecting dnspython>=2.0.0 (from email-validator>=2.0.0->pydantic[email]>=2.11.7->fastmcp==3.2.4->-r requirements.txt (line 1))
  Using cached dnspython-2.8.0-py3-none-any.whl.metadata (5.7 kB)
Collecting SecretStorage>=3.2 (from keyring>=25.6.0->py-key-value-aio[filetree,keyring,memory]<0.5.0,>=0.4.4->fastmcp==3.2.4->-r requirements.txt (line 1))
  Using cached secretstorage-3.5.0-py3-none-any.whl.metadata (4.0 kB)
Collecting jeepney>=0.4.2 (from keyring>=25.6.0->py-key-value-aio[filetree,keyring,memory]<0.5.0,>=0.4.4->fastmcp==3.2.4->-r requirements.txt (line 1))
  Using cached jeepney-0.9.0-py3-none-any.whl.metadata (1.2 kB)
Collecting jaraco.classes (from keyring>=25.6.0->py-key-value-aio[filetree,keyring,memory]<0.5.0,>=0.4.4->fastmcp==3.2.4->-r requirements.txt (line 1))
  Using cached jaraco.classes-3.4.0-py3-none-any.whl.metadata (2.6 kB)
Collecting jaraco.functools (from keyring>=25.6.0->py-key-value-aio[filetree,keyring,memory]<0.5.0,>=0.4.4->fastmcp==3.2.4->-r requirements.txt (line 1))
  Using cached jaraco_functools-4.6.0-py3-none-any.whl.metadata (2.9 kB)
Collecting jaraco.context (from keyring>=25.6.0->py-key-value-aio[filetree,keyring,memory]<0.5.0,>=0.4.4->fastmcp==3.2.4->-r requirements.txt (line 1))
  Using cached jaraco_context-6.1.2-py3-none-any.whl.metadata (4.2 kB)
Collecting mdurl~=0.1 (from markdown-it-py>=2.2.0->rich>=13.9.4->fastmcp==3.2.4->-r requirements.txt (line 1))
  Using cached mdurl-0.1.2-py3-none-any.whl.metadata (1.6 kB)
Collecting pycparser (from cffi>=2.0.0->cryptography->authlib>=1.6.5->fastmcp==3.2.4->-r requirements.txt (line 1))
  Using cached pycparser-3.0-py3-none-any.whl.metadata (8.2 kB)
Collecting more-itertools (from jaraco.classes->keyring>=25.6.0->py-key-value-aio[filetree,keyring,memory]<0.5.0,>=0.4.4->fastmcp==3.2.4->-r requirements.txt (line 1))
  Using cached more_itertools-11.1.0-py3-none-any.whl.metadata (41 kB)
Using cached fastmcp-3.2.4-py3-none-any.whl (728 kB)
Using cached mcp-1.27.0-py3-none-any.whl (215 kB)
Using cached pydantic-2.13.1-py3-none-any.whl (471 kB)
Using cached pydantic_core-2.46.1-cp312-cp312-manylinux_2_17_aarch64.manylinux2014_aarch64.whl (2.0 MB)
Using cached typing_extensions-4.15.0-py3-none-any.whl (44 kB)
Using cached annotated_types-0.8.0-py3-none-any.whl (13 kB)
Using cached anyio-4.14.2-py3-none-any.whl (125 kB)
Using cached authlib-1.7.2-py2.py3-none-any.whl (259 kB)
Using cached cyclopts-4.23.2-py3-none-any.whl (236 kB)
Using cached exceptiongroup-1.3.1-py3-none-any.whl (16 kB)
Using cached griffelib-2.2.0-py3-none-any.whl (166 kB)
Using cached httpx-0.28.1-py3-none-any.whl (73 kB)
Using cached httpcore-1.0.9-py3-none-any.whl (78 kB)
Using cached httpx_sse-0.4.3-py3-none-any.whl (9.0 kB)
Using cached jsonref-1.1.0-py3-none-any.whl (9.4 kB)
Using cached jsonschema-4.26.0-py3-none-any.whl (90 kB)
Using cached jsonschema_path-0.5.0-py3-none-any.whl (24 kB)
Using cached openapi_pydantic-0.5.1-py3-none-any.whl (96 kB)
Using cached opentelemetry_api-1.44.0-py3-none-any.whl (60 kB)
Using cached packaging-26.3-py3-none-any.whl (129 kB)
Using cached platformdirs-4.11.4-py3-none-any.whl (23 kB)
Using cached py_key_value_aio-0.4.5-py3-none-any.whl (170 kB)
Using cached pydantic_settings-2.15.0-py3-none-any.whl (69 kB)
Using cached pyjwt-2.13.0-py3-none-any.whl (31 kB)
Using cached pyperclip-1.11.0-py3-none-any.whl (11 kB)
Using cached python_dotenv-1.2.3-py3-none-any.whl (22 kB)
Using cached python_multipart-0.0.32-py3-none-any.whl (30 kB)
Using cached pyyaml-6.0.3-cp312-cp312-manylinux2014_aarch64.manylinux_2_17_aarch64.manylinux_2_28_aarch64.whl (775 kB)
Using cached rich-15.0.0-py3-none-any.whl (310 kB)
Using cached sse_starlette-3.4.8-py3-none-any.whl (16 kB)
Using cached starlette-1.6.0-py3-none-any.whl (75 kB)
Using cached typing_inspection-0.4.4-py3-none-any.whl (14 kB)
Using cached uncalled_for-0.4.0-py3-none-any.whl (15 kB)
Using cached uvicorn-0.52.4-py3-none-any.whl (79 kB)
Using cached watchfiles-1.2.0-cp312-cp312-manylinux_2_17_aarch64.manylinux2014_aarch64.whl (453 kB)
Using cached websockets-17.0.1-cp312-cp312-manylinux2014_aarch64.manylinux_2_17_aarch64.manylinux_2_28_aarch64.whl (221 kB)
Using cached aiofile-3.12.3-py3-none-any.whl (22 kB)
Using cached attrs-26.1.0-py3-none-any.whl (67 kB)
Using cached beartype-0.22.9-py3-none-any.whl (1.3 MB)
Using cached cachetools-7.1.7-py3-none-any.whl (16 kB)
Using cached click-8.4.2-py3-none-any.whl (119 kB)
Using cached cryptography-50.0.1-cp311-abi3-manylinux_2_34_aarch64.whl (4.7 MB)
Using cached docstring_parser-0.18.0-py3-none-any.whl (22 kB)
Using cached email_validator-2.3.0-py3-none-any.whl (35 kB)
Using cached h11-0.16.0-py3-none-any.whl (37 kB)
Using cached idna-3.19-py3-none-any.whl (68 kB)
Using cached joserfc-1.7.4-py3-none-any.whl (71 kB)
Using cached jsonschema_specifications-2025.9.1-py3-none-any.whl (18 kB)
Using cached keyring-25.7.0-py3-none-any.whl (39 kB)
Using cached markdown_it_py-4.2.0-py3-none-any.whl (91 kB)
Using cached pathable-0.6.0-py3-none-any.whl (18 kB)
Using cached pygments-2.21.0-py3-none-any.whl (1.3 MB)
Using cached referencing-0.37.0-py3-none-any.whl (26 kB)
Using cached rich_rst-2.1.0-py3-none-any.whl (272 kB)
Using cached rpds_py-2026.6.3-cp312-cp312-manylinux_2_17_aarch64.manylinux2014_aarch64.whl (368 kB)
Using cached certifi-2026.7.22-py3-none-any.whl (136 kB)
Using cached caio-0.12.2-cp312-cp312-manylinux_2_34_aarch64.whl (198 kB)
Using cached cffi-2.1.1-cp312-cp312-manylinux2014_aarch64.manylinux_2_17_aarch64.whl (222 kB)
Using cached dnspython-2.8.0-py3-none-any.whl (331 kB)
Using cached jeepney-0.9.0-py3-none-any.whl (49 kB)
Using cached mdurl-0.1.2-py3-none-any.whl (10.0 kB)
Using cached secretstorage-3.5.0-py3-none-any.whl (15 kB)
Using cached jaraco.classes-3.4.0-py3-none-any.whl (6.8 kB)
Using cached jaraco_context-6.1.2-py3-none-any.whl (7.9 kB)
Using cached jaraco_functools-4.6.0-py3-none-any.whl (11 kB)
Using cached more_itertools-11.1.0-py3-none-any.whl (72 kB)
Using cached pycparser-3.0-py3-none-any.whl (48 kB)
Installing collected packages: pyperclip, websockets, uncalled-for, typing-extensions, rpds-py, pyyaml, python-multipart, python-dotenv, pyjwt, pygments, pycparser, platformdirs, pathable, packaging, more-itertools, mdurl, jsonref, jeepney, jaraco.context, idna, httpx-sse, h11, griffelib, docstring-parser, dnspython, click, certifi, caio, cachetools, beartype, attrs, annotated-types, uvicorn, typing-inspection, referencing, pydantic-core, py-key-value-aio, opentelemetry-api, markdown-it-py, jaraco.functools, jaraco.classes, httpcore, exceptiongroup, email-validator, cffi, anyio, aiofile, watchfiles, starlette, rich, pydantic, jsonschema-specifications, jsonschema-path, httpx, cryptography, sse-starlette, SecretStorage, rich-rst, pydantic-settings, openapi-pydantic, jsonschema, joserfc, mcp, keyring, cyclopts, authlib, fastmcp
Successfully installed SecretStorage-3.5.0 aiofile-3.12.3 annotated-types-0.8.0 anyio-4.14.2 attrs-26.1.0 authlib-1.7.2 beartype-0.22.9 cachetools-7.1.7 caio-0.12.2 certifi-2026.7.22 cffi-2.1.1 click-8.4.2 cryptography-50.0.1 cyclopts-4.23.2 dnspython-2.8.0 docstring-parser-0.18.0 email-validator-2.3.0 exceptiongroup-1.3.1 fastmcp-3.2.4 griffelib-2.2.0 h11-0.16.0 httpcore-1.0.9 httpx-0.28.1 httpx-sse-0.4.3 idna-3.19 jaraco.classes-3.4.0 jaraco.context-6.1.2 jaraco.functools-4.6.0 jeepney-0.9.0 joserfc-1.7.4 jsonref-1.1.0 jsonschema-4.26.0 jsonschema-path-0.5.0 jsonschema-specifications-2025.9.1 keyring-25.7.0 markdown-it-py-4.2.0 mcp-1.27.0 mdurl-0.1.2 more-itertools-11.1.0 openapi-pydantic-0.5.1 opentelemetry-api-1.44.0 packaging-26.3 pathable-0.6.0 platformdirs-4.11.4 py-key-value-aio-0.4.5 pycparser-3.0 pydantic-2.13.1 pydantic-core-2.46.1 pydantic-settings-2.15.0 pygments-2.21.0 pyjwt-2.13.0 pyperclip-1.11.0 python-dotenv-1.2.3 python-multipart-0.0.32 pyyaml-6.0.3 referencing-0.37.0 rich-15.0.0 rich-rst-2.1.0 rpds-py-2026.6.3 sse-starlette-3.4.8 starlette-1.6.0 typing-extensions-4.15.0 typing-inspection-0.4.4 uncalled-for-0.4.0 uvicorn-0.52.4 watchfiles-1.2.0 websockets-17.0.1
WARNING: Target directory /usr/irissys/mgr/python/docstring_parser already exists. Specify --upgrade to force replacement.
WARNING: Target directory /usr/irissys/mgr/python/jaraco_functools-4.6.0.dist-info already exists. Specify --upgrade to force replacement.
WARNING: Target directory /usr/irissys/mgr/python/packaging already exists. Specify --upgrade to force replacement.
WARNING: Target directory /usr/irissys/mgr/python/jeepney already exists. Specify --upgrade to force replacement.
WARNING: Target directory /usr/irissys/mgr/python/exceptiongroup already exists. Specify --upgrade to force replacement.
WARNING: Target directory /usr/irissys/mgr/python/__pycache__ already exists. Specify --upgrade to force replacement.
WARNING: Target directory /usr/irissys/mgr/python/anyio-4.14.2.dist-info already exists. Specify --upgrade to force replacement.
WARNING: Target directory /usr/irissys/mgr/python/griffe already exists. Specify --upgrade to force replacement.
WARNING: Target directory /usr/irissys/mgr/python/typing_inspection-0.4.4.dist-info already exists. Specify --upgrade to force replacement.
WARNING: Target directory /usr/irissys/mgr/python/authlib already exists. Specify --upgrade to force replacement.
WARNING: Target directory /usr/irissys/mgr/python/pycparser already exists. Specify --upgrade to force replacement.
WARNING: Target directory /usr/irissys/mgr/python/openapi_pydantic-0.5.1.dist-info already exists. Specify --upgrade to force replacement.
WARNING: Target directory /usr/irissys/mgr/python/idna-3.19.dist-info already exists. Specify --upgrade to force replacement.
WARNING: Target directory /usr/irissys/mgr/python/watchfiles already exists. Specify --upgrade to force replacement.
WARNING: Target directory /usr/irissys/mgr/python/watchfiles-1.2.0.dist-info already exists. Specify --upgrade to force replacement.
WARNING: Target directory /usr/irissys/mgr/python/rich_rst-2.1.0.dist-info already exists. Specify --upgrade to force replacement.
WARNING: Target directory /usr/irissys/mgr/python/mdurl already exists. Specify --upgrade to force replacement.
WARNING: Target directory /usr/irissys/mgr/python/httpx already exists. Specify --upgrade to force replacement.
WARNING: Target directory /usr/irissys/mgr/python/httpcore already exists. Specify --upgrade to force replacement.
WARNING: Target directory /usr/irissys/mgr/python/mcp-1.27.0.dist-info already exists. Specify --upgrade to force replacement.
WARNING: Target directory /usr/irissys/mgr/python/fastmcp-3.2.4.dist-info already exists. Specify --upgrade to force replacement.
WARNING: Target directory /usr/irissys/mgr/python/_cffi_backend.cpython-312-aarch64-linux-gnu.so already exists. Specify --upgrade to force replacement.
WARNING: Target directory /usr/irissys/mgr/python/mdurl-0.1.2.dist-info already exists. Specify --upgrade to force replacement.
WARNING: Target directory /usr/irissys/mgr/python/pydantic_core already exists. Specify --upgrade to force replacement.
WARNING: Target directory /usr/irissys/mgr/python/markdown_it_py-4.2.0.dist-info already exists. Specify --upgrade to force replacement.
WARNING: Target directory /usr/irissys/mgr/python/httpx-0.28.1.dist-info already exists. Specify --upgrade to force replacement.
WARNING: Target directory /usr/irissys/mgr/python/secretstorage already exists. Specify --upgrade to force replacement.
WARNING: Target directory /usr/irissys/mgr/python/anyio already exists. Specify --upgrade to force replacement.
WARNING: Target directory /usr/irissys/mgr/python/pyjwt-2.13.0.dist-info already exists. Specify --upgrade to force replacement.
WARNING: Target directory /usr/irissys/mgr/python/attrs already exists. Specify --upgrade to force replacement.
WARNING: Target directory /usr/irissys/mgr/python/sse_starlette-3.4.8.dist-info already exists. Specify --upgrade to force replacement.
WARNING: Target directory /usr/irissys/mgr/python/cachetools-7.1.7.dist-info already exists. Specify --upgrade to force replacement.
WARNING: Target directory /usr/irissys/mgr/python/pydantic already exists. Specify --upgrade to force replacement.
WARNING: Target directory /usr/irissys/mgr/python/rpds_py-2026.6.3.dist-info already exists. Specify --upgrade to force replacement.
WARNING: Target directory /usr/irissys/mgr/python/uncalled_for already exists. Specify --upgrade to force replacement.
WARNING: Target directory /usr/irissys/mgr/python/exceptiongroup-1.3.1.dist-info already exists. Specify --upgrade to force replacement.
WARNING: Target directory /usr/irissys/mgr/python/griffelib-2.2.0.dist-info already exists. Specify --upgrade to force replacement.
WARNING: Target directory /usr/irissys/mgr/python/cryptography already exists. Specify --upgrade to force replacement.
WARNING: Target directory /usr/irissys/mgr/python/authlib-1.7.2.dist-info already exists. Specify --upgrade to force replacement.
WARNING: Target directory /usr/irissys/mgr/python/jaraco_context-6.1.2.dist-info already exists. Specify --upgrade to force replacement.
WARNING: Target directory /usr/irissys/mgr/python/pyyaml-6.0.3.dist-info already exists. Specify --upgrade to force replacement.
WARNING: Target directory /usr/irissys/mgr/python/referencing-0.37.0.dist-info already exists. Specify --upgrade to force replacement.
WARNING: Target directory /usr/irissys/mgr/python/jsonschema_specifications already exists. Specify --upgrade to force replacement.
WARNING: Target directory /usr/irissys/mgr/python/pydantic_core-2.46.1.dist-info already exists. Specify --upgrade to force replacement.
WARNING: Target directory /usr/irissys/mgr/python/jsonschema already exists. Specify --upgrade to force replacement.
WARNING: Target directory /usr/irissys/mgr/python/tests already exists. Specify --upgrade to force replacement.
WARNING: Target directory /usr/irissys/mgr/python/secretstorage-3.5.0.dist-info already exists. Specify --upgrade to force replacement.
WARNING: Target directory /usr/irissys/mgr/python/_yaml already exists. Specify --upgrade to force replacement.
WARNING: Target directory /usr/irissys/mgr/python/fastmcp already exists. Specify --upgrade to force replacement.
WARNING: Target directory /usr/irissys/mgr/python/websockets-17.0.1.dist-info already exists. Specify --upgrade to force replacement.
WARNING: Target directory /usr/irissys/mgr/python/cffi-2.1.1.dist-info already exists. Specify --upgrade to force replacement.
WARNING: Target directory /usr/irissys/mgr/python/h11 already exists. Specify --upgrade to force replacement.
WARNING: Target directory /usr/irissys/mgr/python/pycparser-3.0.dist-info already exists. Specify --upgrade to force replacement.
WARNING: Target directory /usr/irissys/mgr/python/cyclopts already exists. Specify --upgrade to force replacement.
WARNING: Target directory /usr/irissys/mgr/python/pydantic_settings-2.15.0.dist-info already exists. Specify --upgrade to force replacement.
WARNING: Target directory /usr/irissys/mgr/python/annotated_types already exists. Specify --upgrade to force replacement.
WARNING: Target directory /usr/irissys/mgr/python/jsonschema_path already exists. Specify --upgrade to force replacement.
WARNING: Target directory /usr/irissys/mgr/python/pyperclip already exists. Specify --upgrade to force replacement.
WARNING: Target directory /usr/irissys/mgr/python/python_multipart-0.0.32.dist-info already exists. Specify --upgrade to force replacement.
WARNING: Target directory /usr/irissys/mgr/python/uncalled_for-0.4.0.dist-info already exists. Specify --upgrade to force replacement.
WARNING: Target directory /usr/irissys/mgr/python/pydantic_settings already exists. Specify --upgrade to force replacement.
WARNING: Target directory /usr/irissys/mgr/python/uvicorn-0.52.4.dist-info already exists. Specify --upgrade to force replacement.
WARNING: Target directory /usr/irissys/mgr/python/referencing already exists. Specify --upgrade to force replacement.
WARNING: Target directory /usr/irissys/mgr/python/openapi_pydantic already exists. Specify --upgrade to force replacement.
WARNING: Target directory /usr/irissys/mgr/python/py_key_value_aio-0.4.5.dist-info already exists. Specify --upgrade to force replacement.
WARNING: Target directory /usr/irissys/mgr/python/uvicorn already exists. Specify --upgrade to force replacement.
WARNING: Target directory /usr/irissys/mgr/python/jsonref.py already exists. Specify --upgrade to force replacement.
WARNING: Target directory /usr/irissys/mgr/python/dnspython-2.8.0.dist-info already exists. Specify --upgrade to force replacement.
WARNING: Target directory /usr/irissys/mgr/python/h11-0.16.0.dist-info already exists. Specify --upgrade to force replacement.
WARNING: Target directory /usr/irissys/mgr/python/typing_inspection already exists. Specify --upgrade to force replacement.
WARNING: Target directory /usr/irissys/mgr/python/starlette already exists. Specify --upgrade to force replacement.
WARNING: Target directory /usr/irissys/mgr/python/multipart already exists. Specify --upgrade to force replacement.
WARNING: Target directory /usr/irissys/mgr/python/packaging-26.3.dist-info already exists. Specify --upgrade to force replacement.
WARNING: Target directory /usr/irissys/mgr/python/jaraco already exists. Specify --upgrade to force replacement.
WARNING: Target directory /usr/irissys/mgr/python/pathable already exists. Specify --upgrade to force replacement.
WARNING: Target directory /usr/irissys/mgr/python/jeepney-0.9.0.dist-info already exists. Specify --upgrade to force replacement.
WARNING: Target directory /usr/irissys/mgr/python/certifi already exists. Specify --upgrade to force replacement.
WARNING: Target directory /usr/irissys/mgr/python/keyring already exists. Specify --upgrade to force replacement.
WARNING: Target directory /usr/irissys/mgr/python/typing_extensions.py already exists. Specify --upgrade to force replacement.
WARNING: Target directory /usr/irissys/mgr/python/annotated_types-0.8.0.dist-info already exists. Specify --upgrade to force replacement.
WARNING: Target directory /usr/irissys/mgr/python/idna already exists. Specify --upgrade to force replacement.
WARNING: Target directory /usr/irissys/mgr/python/httpx_sse-0.4.3.dist-info already exists. Specify --upgrade to force replacement.
WARNING: Target directory /usr/irissys/mgr/python/mcp already exists. Specify --upgrade to force replacement.
WARNING: Target directory /usr/irissys/mgr/python/platformdirs-4.11.4.dist-info already exists. Specify --upgrade to force replacement.
WARNING: Target directory /usr/irissys/mgr/python/aiofile already exists. Specify --upgrade to force replacement.
WARNING: Target directory /usr/irissys/mgr/python/joserfc-1.7.4.dist-info already exists. Specify --upgrade to force replacement.
WARNING: Target directory /usr/irissys/mgr/python/click-8.4.2.dist-info already exists. Specify --upgrade to force replacement.
WARNING: Target directory /usr/irissys/mgr/python/attrs-26.1.0.dist-info already exists. Specify --upgrade to force replacement.
WARNING: Target directory /usr/irissys/mgr/python/pathable-0.6.0.dist-info already exists. Specify --upgrade to force replacement.
WARNING: Target directory /usr/irissys/mgr/python/cffi already exists. Specify --upgrade to force replacement.
WARNING: Target directory /usr/irissys/mgr/python/keyring-25.7.0.dist-info already exists. Specify --upgrade to force replacement.
WARNING: Target directory /usr/irissys/mgr/python/beartype-0.22.9.dist-info already exists. Specify --upgrade to force replacement.
WARNING: Target directory /usr/irissys/mgr/python/rpds already exists. Specify --upgrade to force replacement.
WARNING: Target directory /usr/irissys/mgr/python/cyclopts-4.23.2.dist-info already exists. Specify --upgrade to force replacement.
WARNING: Target directory /usr/irissys/mgr/python/opentelemetry_api-1.44.0.dist-info already exists. Specify --upgrade to force replacement.
WARNING: Target directory /usr/irissys/mgr/python/rich-15.0.0.dist-info already exists. Specify --upgrade to force replacement.
WARNING: Target directory /usr/irissys/mgr/python/httpcore-1.0.9.dist-info already exists. Specify --upgrade to force replacement.
WARNING: Target directory /usr/irissys/mgr/python/typing_extensions-4.15.0.dist-info already exists. Specify --upgrade to force replacement.
WARNING: Target directory /usr/irissys/mgr/python/yaml already exists. Specify --upgrade to force replacement.
WARNING: Target directory /usr/irissys/mgr/python/httpx_sse already exists. Specify --upgrade to force replacement.
WARNING: Target directory /usr/irissys/mgr/python/cachetools already exists. Specify --upgrade to force replacement.
WARNING: Target directory /usr/irissys/mgr/python/joserfc already exists. Specify --upgrade to force replacement.
WARNING: Target directory /usr/irissys/mgr/python/jsonschema-4.26.0.dist-info already exists. Specify --upgrade to force replacement.
WARNING: Target directory /usr/irissys/mgr/python/jsonschema_path-0.5.0.dist-info already exists. Specify --upgrade to force replacement.
WARNING: Target directory /usr/irissys/mgr/python/more_itertools already exists. Specify --upgrade to force replacement.
WARNING: Target directory /usr/irissys/mgr/python/pydantic-2.13.1.dist-info already exists. Specify --upgrade to force replacement.
WARNING: Target directory /usr/irissys/mgr/python/email_validator-2.3.0.dist-info already exists. Specify --upgrade to force replacement.
WARNING: Target directory /usr/irissys/mgr/python/rich already exists. Specify --upgrade to force replacement.
WARNING: Target directory /usr/irissys/mgr/python/certifi-2026.7.22.dist-info already exists. Specify --upgrade to force replacement.
WARNING: Target directory /usr/irissys/mgr/python/rich_rst already exists. Specify --upgrade to force replacement.
WARNING: Target directory /usr/irissys/mgr/python/docstring_parser-0.18.0.dist-info already exists. Specify --upgrade to force replacement.
WARNING: Target directory /usr/irissys/mgr/python/opentelemetry already exists. Specify --upgrade to force replacement.
WARNING: Target directory /usr/irissys/mgr/python/platformdirs already exists. Specify --upgrade to force replacement.
WARNING: Target directory /usr/irissys/mgr/python/attr already exists. Specify --upgrade to force replacement.
WARNING: Target directory /usr/irissys/mgr/python/caio-0.12.2.dist-info already exists. Specify --upgrade to force replacement.
WARNING: Target directory /usr/irissys/mgr/python/jsonref-1.1.0.dist-info already exists. Specify --upgrade to force replacement.
WARNING: Target directory /usr/irissys/mgr/python/pygments-2.21.0.dist-info already exists. Specify --upgrade to force replacement.
WARNING: Target directory /usr/irissys/mgr/python/python_multipart already exists. Specify --upgrade to force replacement.
WARNING: Target directory /usr/irissys/mgr/python/cryptography-50.0.1.dist-info already exists. Specify --upgrade to force replacement.
WARNING: Target directory /usr/irissys/mgr/python/pygments already exists. Specify --upgrade to force replacement.
WARNING: Target directory /usr/irissys/mgr/python/jsonschema_specifications-2025.9.1.dist-info already exists. Specify --upgrade to force replacement.
WARNING: Target directory /usr/irissys/mgr/python/caio already exists. Specify --upgrade to force replacement.
WARNING: Target directory /usr/irissys/mgr/python/more_itertools-11.1.0.dist-info already exists. Specify --upgrade to force replacement.
WARNING: Target directory /usr/irissys/mgr/python/email_validator already exists. Specify --upgrade to force replacement.
WARNING: Target directory /usr/irissys/mgr/python/dotenv already exists. Specify --upgrade to force replacement.
WARNING: Target directory /usr/irissys/mgr/python/markdown_it already exists. Specify --upgrade to force replacement.
WARNING: Target directory /usr/irissys/mgr/python/jaraco.classes-3.4.0.dist-info already exists. Specify --upgrade to force replacement.
WARNING: Target directory /usr/irissys/mgr/python/proxytypes.py already exists. Specify --upgrade to force replacement.
WARNING: Target directory /usr/irissys/mgr/python/dns already exists. Specify --upgrade to force replacement.
WARNING: Target directory /usr/irissys/mgr/python/sse_starlette already exists. Specify --upgrade to force replacement.
WARNING: Target directory /usr/irissys/mgr/python/starlette-1.6.0.dist-info already exists. Specify --upgrade to force replacement.
WARNING: Target directory /usr/irissys/mgr/python/beartype already exists. Specify --upgrade to force replacement.
WARNING: Target directory /usr/irissys/mgr/python/websockets already exists. Specify --upgrade to force replacement.
WARNING: Target directory /usr/irissys/mgr/python/python_dotenv-1.2.3.dist-info already exists. Specify --upgrade to force replacement.
WARNING: Target directory /usr/irissys/mgr/python/pyperclip-1.11.0.dist-info already exists. Specify --upgrade to force replacement.
WARNING: Target directory /usr/irissys/mgr/python/click already exists. Specify --upgrade to force replacement.
WARNING: Target directory /usr/irissys/mgr/python/aiofile-3.12.3.dist-info already exists. Specify --upgrade to force replacement.
WARNING: Target directory /usr/irissys/mgr/python/jwt already exists. Specify --upgrade to force replacement.
WARNING: Target directory /usr/irissys/mgr/python/key_value already exists. Specify --upgrade to force replacement.
WARNING: Target directory /usr/irissys/mgr/python/bin already exists. Specify --upgrade to force replacement.

[AI_HUB_STUDIO|ai-hub-dev-template]	requirements.txt SUCCESS
Load of directory started on 08/25/2026 20:52:35 '*'

Loading file /home/irisowner/dev/src/Sample/Agent.cls as udl
Loading file /home/irisowner/dev/src/Sample/MCPService.cls as udl
Loading file /home/irisowner/dev/src/Sample/MCPSetup.cls as udl
Loading file /home/irisowner/dev/src/Sample/Person.cls as udl
Loading file /home/irisowner/dev/src/Sample/Tools.cls as udl
Loading file /home/irisowner/dev/src/Sample/ToolSet.cls as udl
Load finished successfully.

[AI_HUB_STUDIO|ai-hub-dev-template]	Reload SUCCESS
[ai-hub-dev-template]	Module object refreshed.
[AI_HUB_STUDIO|ai-hub-dev-template]	Validate START
[AI_HUB_STUDIO|ai-hub-dev-template]	Validate SUCCESS
[AI_HUB_STUDIO|ai-hub-dev-template]	Compile START
Compilation started on 08/25/2026 20:52:35 with qualifiers 'd-lck'
Compiling 6 classes
Compiling class Sample.Agent
Compiling class Sample.MCPService
Compiling class Sample.MCPSetup
Compiling class Sample.Person
Compiling table Sample.Person
Compiling routine Sample.Agent.1
Compiling routine Sample.MCPSetup.1
Compiling routine Sample.Person.1
Compiling class Sample.Tools
Compiling routine Sample.Tools.1
Compiling class Sample.ToolSet
Compiling routine Sample.ToolSet.1
Compilation finished successfully in 0.081s.

[AI_HUB_STUDIO|ai-hub-dev-template]	Compile SUCCESS
[AI_HUB_STUDIO|ai-hub-dev-template]	Activate START
[AI_HUB_STUDIO|ai-hub-dev-template]	Configure STARTMCP Service created successfully.

[AI_HUB_STUDIO|ai-hub-dev-template]	Configure SUCCESS
Seeding update steps for module = ai-hub-dev-template, for version = 2.0.9

[AI_HUB_STUDIO|ai-hub-dev-template]	Activate SUCCESS
Node: c357f42ed1f2, Instance: IRIS

USER>

%SYS>

%SYS>

%SYS>

%SYS>

%SYS>

%SYS>

%SYS>

%SYS>

%SYS>

%SYS>

%SYS>

Load started on 08/25/2026 21:02:34
Loading file /usr/irissys/mgr/Temp/Iw3PheuBsrMqiA.xml as xml
Imported class: IPM.Installer
Compiling class IPM.Installer
Compiling routine IPM.Installer.1
Load finished successfully.

%SYS>

%SYS>

%SYS>

%SYS>

%SYS>

%SYS>

%SYS>

%SYS>

Version of IPM in current namespace: 
%SYS> [32mzpm [0m0.10.9

RUNNING command: "repo -delete-all"
[32mCommand "repo -delete-all" finished successfull[0m

RUNNING command: "repo -reset-defaults"
[33mWARNING: Using -password via the CLI is insecure. Use -password-stdin or -password-env.[0m
registry
	Source: 			https://pm.community.intersystems.com
	Enabled?			Yes
	Available?			Yes
	Use for Snapshots?		Yes
	Use for Prereleases?		Yes
	Is Read-Only?			No
	Default Deployment Registry? 	No

registry
	Source: 			https://pm.community.intersystems.com
	Enabled?			Yes
	Available?			Yes
	Use for Snapshots?		Yes
	Use for Prereleases?		Yes
	Is Read-Only?			No
	Default Deployment Registry? 	No

[32mCommand "repo -reset-defaults" finished successfull[0m

RUNNING command: "enable -map -repos -globally"
Version of IPM in current namespace: 
%SYS> [32mzpm [0m0.10.9
Skipping IPM mapping of %SYS - IPM already installed.
Mapping %IPM package in %SYS equivalently to AI_HUB_STUDIO
Mapping %IPM.* routines in %SYS equivalently to AI_HUB_STUDIO
Mapping %IPM package in %SYS equivalently to USER
Mapping %IPM.* routines in %SYS equivalently to USER
Skipping repository mapping of %SYS - IPM not mapped from source namespace.
Mapping IPM repository in %SYS equivalently to AI_HUB_STUDIO
Mapping IPM repository in %SYS equivalently to USER
Done.

[35m%SYS> [0m         [32mzpm[0m [39m0.10.9[0m
[35mAI_HUB_STUDIO> [0m[32mzpm[0m [39m0.10.9[0m
               [39mInstalled In: [0m%SYS 
[35mUSER> [0m         [32mzpm[0m [39m0.10.9[0m
               [39mInstalled In: [0m%SYS 
[39mhttps://pm.community.intersystems.com[0m - 1.0.0
[32mCommand "enable -map -repos -globally" finished successfull[0m
%SYS>

%SYS>

%SYS>

Load started on 08/25/2026 21:02:36
Loading file /home/irisowner/dev/App.Installer.cls as udl
Compiling class App.Installer
ERROR #6353: Unexpected attributes for element Import (ending at line 15 character 71): Namespace
  > ERROR #5490: Error running generator for method 'setup:App.Installer' 
ERROR: App.Installer.cls(setup) of generated code
    > ERROR #5030: An error occurred while compiling class 'App.Installer'
Compiling routine App.Installer.1
Detected 1 errors during load.

%SYS>

%SYS>

%SYS>

  Quit ##class(%Installer.Manifest).%Generate(%compiledclass, %code, "setup")
  ^
<UNDEFINED>setup+1^App.Installer.1 *%compiledclass
%SYS 2d1>

%SYS 2d1>

%SYS 2d1>

Building dependency graph...Done.
[%SYS|vscode-per-namespace-settings]	Initialize START
[%SYS|vscode-per-namespace-settings]	Initialize SUCCESS
[%SYS|vscode-per-namespace-settings]	Reload START (/usr/irissys/ipm/vscode-per-namespace-settings/1.0.0/)
[%SYS|vscode-per-namespace-settings]	Reload SUCCESS
[vscode-per-namespace-settings]	Module object refreshed.
[%SYS|vscode-per-namespace-settings]	Validate START
[%SYS|vscode-per-namespace-settings]	Validate SUCCESS
[%SYS|vscode-per-namespace-settings]	Compile START
[%SYS|vscode-per-namespace-settings]	Compile SUCCESS
[%SYS|vscode-per-namespace-settings]	Activate START
[%SYS|vscode-per-namespace-settings]	Configure START
Deleting class %Z.IPM.Bootstraps.Main
[%SYS|vscode-per-namespace-settings]	Configure SUCCESS
[%SYS|vscode-per-namespace-settings]	Activate SUCCESS
%SYS 2d1>

%SYS 2d1>

%SYS 2d1>

%SYS 2d1>

Node: d014e19ea253, Instance: IRIS

USER>

%SYS>

%SYS>

%SYS>

%SYS>

%SYS>

%SYS>

%SYS>

%SYS>

%SYS>

%SYS>

%SYS>

Load started on 08/25/2026 21:03:03
Loading file /usr/irissys/mgr/Temp/m81291w7NIoHnQ.xml as xml
Imported class: IPM.Installer
Compiling class IPM.Installer
Compiling routine IPM.Installer.1
Load finished successfully.

%SYS>

%SYS>

%SYS>

%SYS>

%SYS>

%SYS>

%SYS>

%SYS>

Version of IPM in current namespace: 
%SYS> [32mzpm [0m0.10.9

RUNNING command: "repo -delete-all"
[32mCommand "repo -delete-all" finished successfull[0m

RUNNING command: "repo -reset-defaults"
[33mWARNING: Using -password via the CLI is insecure. Use -password-stdin or -password-env.[0m
registry
	Source: 			https://pm.community.intersystems.com
	Enabled?			Yes
	Available?			Yes
	Use for Snapshots?		Yes
	Use for Prereleases?		Yes
	Is Read-Only?			No
	Default Deployment Registry? 	No

registry
	Source: 			https://pm.community.intersystems.com
	Enabled?			Yes
	Available?			Yes
	Use for Snapshots?		Yes
	Use for Prereleases?		Yes
	Is Read-Only?			No
	Default Deployment Registry? 	No

[32mCommand "repo -reset-defaults" finished successfull[0m

RUNNING command: "enable -map -repos -globally"
Version of IPM in current namespace: 
%SYS> [32mzpm [0m0.10.9
Skipping IPM mapping of %SYS - IPM already installed.
Mapping %IPM package in %SYS equivalently to AI_HUB_STUDIO
Mapping %IPM.* routines in %SYS equivalently to AI_HUB_STUDIO
Mapping %IPM package in %SYS equivalently to USER
Mapping %IPM.* routines in %SYS equivalently to USER
Skipping repository mapping of %SYS - IPM not mapped from source namespace.
Mapping IPM repository in %SYS equivalently to AI_HUB_STUDIO
Mapping IPM repository in %SYS equivalently to USER
Done.

[35m%SYS> [0m         [32mzpm[0m [39m0.10.9[0m
[35mAI_HUB_STUDIO> [0m[32mzpm[0m [39m0.10.9[0m
               [39mInstalled In: [0m%SYS 
[35mUSER> [0m         [32mzpm[0m [39m0.10.9[0m
               [39mInstalled In: [0m%SYS 
[39mhttps://pm.community.intersystems.com[0m - 1.0.0
[32mCommand "enable -map -repos -globally" finished successfull[0m
%SYS>

%SYS>

%SYS>

Load started on 08/25/2026 21:03:05
Loading file /home/irisowner/dev/App.Installer.cls as udl
Compiling class App.Installer
ERROR #6353: Unexpected attributes for element Import (ending at line 15 character 71): Namespace
  > ERROR #5490: Error running generator for method 'setup:App.Installer' 
ERROR: App.Installer.cls(setup) of generated code
    > ERROR #5030: An error occurred while compiling class 'App.Installer'
Compiling routine App.Installer.1
Detected 1 errors during load.

%SYS>

%SYS>

%SYS>

  Quit ##class(%Installer.Manifest).%Generate(%compiledclass, %code, "setup")
  ^
<UNDEFINED>setup+1^App.Installer.1 *%compiledclass
%SYS 2d1>

%SYS 2d1>

%SYS 2d1>

Building dependency graph...Done.
[%SYS|vscode-per-namespace-settings]	Initialize START
[%SYS|vscode-per-namespace-settings]	Initialize SUCCESS
[%SYS|vscode-per-namespace-settings]	Reload START (/usr/irissys/ipm/vscode-per-namespace-settings/1.0.0/)
[%SYS|vscode-per-namespace-settings]	Reload SUCCESS
[vscode-per-namespace-settings]	Module object refreshed.
[%SYS|vscode-per-namespace-settings]	Validate START
[%SYS|vscode-per-namespace-settings]	Validate SUCCESS
[%SYS|vscode-per-namespace-settings]	Compile START
[%SYS|vscode-per-namespace-settings]	Compile SUCCESS
[%SYS|vscode-per-namespace-settings]	Activate START
[%SYS|vscode-per-namespace-settings]	Configure START
Deleting class %Z.IPM.Bootstraps.Main
[%SYS|vscode-per-namespace-settings]	Configure SUCCESS
[%SYS|vscode-per-namespace-settings]	Activate SUCCESS
%SYS 2d1>

%SYS 2d1>

%SYS 2d1>

%SYS 2d1>

Node: 7bf50533f3ef, Instance: IRIS

USER>

%SYS>

%SYS>

%SYS>

%SYS>

%SYS>

%SYS>

%SYS>

%SYS>

%SYS>

%SYS>

%SYS>

Load started on 08/25/2026 21:07:34
Loading file /usr/irissys/mgr/Temp/ln8294ulhHRwwQ.xml as xml
Imported class: IPM.Installer
Compiling class IPM.Installer
Compiling routine IPM.Installer.1
Load finished successfully.

%SYS>

%SYS>

%SYS>

%SYS>

%SYS>

%SYS>

%SYS>

%SYS>

Version of IPM in current namespace: 
%SYS> [32mzpm [0m0.10.9

RUNNING command: "repo -delete-all"
[32mCommand "repo -delete-all" finished successfull[0m

RUNNING command: "repo -reset-defaults"
[33mWARNING: Using -password via the CLI is insecure. Use -password-stdin or -password-env.[0m
registry
	Source: 			https://pm.community.intersystems.com
	Enabled?			Yes
	Available?			Yes
	Use for Snapshots?		Yes
	Use for Prereleases?		Yes
	Is Read-Only?			No
	Default Deployment Registry? 	No

registry
	Source: 			https://pm.community.intersystems.com
	Enabled?			Yes
	Available?			Yes
	Use for Snapshots?		Yes
	Use for Prereleases?		Yes
	Is Read-Only?			No
	Default Deployment Registry? 	No

[32mCommand "repo -reset-defaults" finished successfull[0m

RUNNING command: "enable -map -repos -globally"
Version of IPM in current namespace: 
%SYS> [32mzpm [0m0.10.9
Skipping IPM mapping of %SYS - IPM already installed.
Mapping %IPM package in %SYS equivalently to AI_HUB_STUDIO
Mapping %IPM.* routines in %SYS equivalently to AI_HUB_STUDIO
Mapping %IPM package in %SYS equivalently to USER
Mapping %IPM.* routines in %SYS equivalently to USER
Skipping repository mapping of %SYS - IPM not mapped from source namespace.
Mapping IPM repository in %SYS equivalently to AI_HUB_STUDIO
Mapping IPM repository in %SYS equivalently to USER
Done.

[35m%SYS> [0m         [32mzpm[0m [39m0.10.9[0m
[35mAI_HUB_STUDIO> [0m[32mzpm[0m [39m0.10.9[0m
               [39mInstalled In: [0m%SYS 
[35mUSER> [0m         [32mzpm[0m [39m0.10.9[0m
               [39mInstalled In: [0m%SYS 
[39mhttps://pm.community.intersystems.com[0m - 1.0.0
[32mCommand "enable -map -repos -globally" finished successfull[0m
%SYS>

%SYS>

%SYS>

Load started on 08/25/2026 21:07:36
Loading file /home/irisowner/dev/App.Installer.cls as udl
Compiling class App.Installer
ERROR #6353: Unexpected attributes for element Import (ending at line 15 character 71): Namespace
  > ERROR #5490: Error running generator for method 'setup:App.Installer' 
ERROR: App.Installer.cls(setup) of generated code
    > ERROR #5030: An error occurred while compiling class 'App.Installer'
Compiling routine App.Installer.1
Detected 1 errors during load.

%SYS>

%SYS>

%SYS>

  Quit ##class(%Installer.Manifest).%Generate(%compiledclass, %code, "setup")
  ^
<UNDEFINED>setup+1^App.Installer.1 *%compiledclass
%SYS 2d1>

%SYS 2d1>

%SYS 2d1>

Building dependency graph...Done.
[%SYS|vscode-per-namespace-settings]	Initialize START
[%SYS|vscode-per-namespace-settings]	Initialize SUCCESS
[%SYS|vscode-per-namespace-settings]	Reload START (/usr/irissys/ipm/vscode-per-namespace-settings/1.0.0/)
[%SYS|vscode-per-namespace-settings]	Reload SUCCESS
[vscode-per-namespace-settings]	Module object refreshed.
[%SYS|vscode-per-namespace-settings]	Validate START
[%SYS|vscode-per-namespace-settings]	Validate SUCCESS
[%SYS|vscode-per-namespace-settings]	Compile START
[%SYS|vscode-per-namespace-settings]	Compile SUCCESS
[%SYS|vscode-per-namespace-settings]	Activate START
[%SYS|vscode-per-namespace-settings]	Configure START
Deleting class %Z.IPM.Bootstraps.Main
[%SYS|vscode-per-namespace-settings]	Configure SUCCESS
[%SYS|vscode-per-namespace-settings]	Activate SUCCESS
%SYS 2d1>

%SYS 2d1>

%SYS 2d1>

%SYS 2d1>

Node: ce4e59227917, Instance: IRIS

USER>

%SYS>

%SYS>

%SYS>

%SYS>

%SYS>

%SYS>

%SYS>

%SYS>

%SYS>

%SYS>

%SYS>

Load started on 08/25/2026 21:09:31
Loading file /usr/irissys/mgr/Temp/iemjaAcJ32MnQg.xml as xml
Imported class: IPM.Installer
Compiling class IPM.Installer
Compiling routine IPM.Installer.1
Load finished successfully.

%SYS>

%SYS>

%SYS>

%SYS>

%SYS>

%SYS>

%SYS>

%SYS>

Version of IPM in current namespace: 
%SYS> [32mzpm [0m0.10.9

RUNNING command: "repo -delete-all"
[32mCommand "repo -delete-all" finished successfull[0m

RUNNING command: "repo -reset-defaults"
[33mWARNING: Using -password via the CLI is insecure. Use -password-stdin or -password-env.[0m
registry
	Source: 			https://pm.community.intersystems.com
	Enabled?			Yes
	Available?			Yes
	Use for Snapshots?		Yes
	Use for Prereleases?		Yes
	Is Read-Only?			No
	Default Deployment Registry? 	No

registry
	Source: 			https://pm.community.intersystems.com
	Enabled?			Yes
	Available?			Yes
	Use for Snapshots?		Yes
	Use for Prereleases?		Yes
	Is Read-Only?			No
	Default Deployment Registry? 	No

[32mCommand "repo -reset-defaults" finished successfull[0m

RUNNING command: "enable -map -repos -globally"
Version of IPM in current namespace: 
%SYS> [32mzpm [0m0.10.9
Skipping IPM mapping of %SYS - IPM already installed.
Mapping %IPM package in %SYS equivalently to AI_HUB_STUDIO
Mapping %IPM.* routines in %SYS equivalently to AI_HUB_STUDIO
Mapping %IPM package in %SYS equivalently to USER
Mapping %IPM.* routines in %SYS equivalently to USER
Skipping repository mapping of %SYS - IPM not mapped from source namespace.
Mapping IPM repository in %SYS equivalently to AI_HUB_STUDIO
Mapping IPM repository in %SYS equivalently to USER
Done.

[35m%SYS> [0m         [32mzpm[0m [39m0.10.9[0m
[35mAI_HUB_STUDIO> [0m[32mzpm[0m [39m0.10.9[0m
               [39mInstalled In: [0m%SYS 
[35mUSER> [0m         [32mzpm[0m [39m0.10.9[0m
               [39mInstalled In: [0m%SYS 
[39mhttps://pm.community.intersystems.com[0m - 1.0.0
[32mCommand "enable -map -repos -globally" finished successfull[0m
%SYS>

%SYS>

%SYS>

Load started on 08/25/2026 21:09:33
Loading file /home/irisowner/dev/App.Installer.cls as udl
Compiling class App.Installer
Compiling routine App.Installer.1
Load finished successfully.

%SYS>

%SYS>

%SYS>
2026-08-25 21:09:33 0 App.Installer: Installation starting at 2026-08-25 21:09:33, LogLevel=3
2026-08-25 21:09:33 3 : Start manifest
2026-08-25 21:09:33 3 Evaluate: Working directory: #{$system.Process.CurrentDirectory()} -> Working directory: /usr/irissys/mgr/
2026-08-25 21:09:33 3 : Working directory: /usr/irissys/mgr/
2026-08-25 21:09:33 3 SetVariable: NAMESPACE=AI_HUB_STUDIO
2026-08-25 21:09:33 3 SetVariable: DBNAME=AI_HUB_STUDIO
2026-08-25 21:09:33 3 SetVariable: APPPATH=/usr/irissys/mgr/
2026-08-25 21:09:33 3 SetVariable: SOURCESPATH=/home/irisowner/dev/src/
2026-08-25 21:09:33 3 Evaluate: %DB_${DBNAME} -> %DB_AI_HUB_STUDIO
2026-08-25 21:09:33 3 SetVariable: RESOURCE=%DB_AI_HUB_STUDIO
2026-08-25 21:09:33 3 Evaluate: Importing source code into namespace ${NAMESPACE} -> Importing source code into namespace AI_HUB_STUDIO
2026-08-25 21:09:33 3 : Importing source code into namespace AI_HUB_STUDIO
2026-08-25 21:09:33 3 Evaluate: ${NAMESPACE} -> AI_HUB_STUDIO
2026-08-25 21:09:33 3 Evaluate: ${SOURCESPATH} -> /home/irisowner/dev/src/
2026-08-25 21:09:33 1 Import: Loading /home/irisowner/dev/src/ (isdir=1) into AI_HUB_STUDIO, recurse=1

Load of directory started on 08/25/2026 21:09:33

Loading file /home/irisowner/dev/src/AIHubStudio.cls as udl
Loading file /home/irisowner/dev/src/AIHubStudio/Status.cls as udl
Loading file /home/irisowner/dev/src/AIHubStudio/Agent/HelloWorld.cls as udl
Loading file /home/irisowner/dev/src/AIHubStudio/Agent/MathHelper.cls as udl
Loading file /home/irisowner/dev/src/AIHubStudio/Agent/BaseAgent.cls as udl
Loading file /home/irisowner/dev/src/AIHubStudio/Config.cls as udl
Loading file /home/irisowner/dev/src/AIHubStudio/Agent/Starter.cls as udl
Loading file /home/irisowner/dev/src/AIHubStudio/Agent/WeatherBot.cls as udl
Loading file /home/irisowner/dev/src/AIHubStudio/Agent/Registry.cls as udl
Loading file /home/irisowner/dev/src/AIHubStudio/Init.cls as udl
Loading file /home/irisowner/dev/src/AIHubStudio/REST/AgentMessageService.cls as udl
Loading file /home/irisowner/dev/src/AIHubStudio/REST/StatusService.cls as udl
Loading file /home/irisowner/dev/src/Python/multiplication_mcp.py as udl
ERROR #16021: Illegal Header Line: from mcp.server.fastmcp import FastMCP
Loading file /home/irisowner/dev/src/AIHubStudio/REST/ConfigService.cls as udl
Loading file /home/irisowner/dev/src/AIHubStudio/Skill/BasicConversation.cls as udl
Loading file /home/irisowner/dev/src/AIHubStudio/REST/AgentService.cls as udl
Loading file /home/irisowner/dev/src/AIHubStudio/Skill/Registry.cls as udl
Loading file /home/irisowner/dev/src/AIHubStudio/REST/WebGateway.cls as udl
Loading file /home/irisowner/dev/src/AIHubStudio/Tool/Calculator.cls as udl
Loading file /home/irisowner/dev/src/AIHubStudio/REST/SkillService.cls as udl
Loading file /home/irisowner/dev/src/AIHubStudio/REST/ToolService.cls as udl
Loading file /home/irisowner/dev/src/AIHubStudio/Skill/WeatherKnowledge.cls as udl
Loading file /home/irisowner/dev/src/AIHubStudio/REST/StarterService.cls as udl
Loading file /home/irisowner/dev/src/Sample/Agent.cls as udl
Loading file /home/irisowner/dev/src/AIHubStudio/Tool/WeatherAPI.cls as udl
Loading file /home/irisowner/dev/src/Sample/MCPService.cls as udl
Loading file /home/irisowner/dev/src/Sample/MCPSetup.cls as udl
Loading file /home/irisowner/dev/src/AIHubStudio/Skill/Mathematics.cls as udl
Loading file /home/irisowner/dev/src/Sample/Tools.cls as udl
Loading file /home/irisowner/dev/src/Sample/ToolSet.cls as udl
Loading file /home/irisowner/dev/src/AIHubStudio/Tests/StarterTest.cls as udl
Loading file /home/irisowner/dev/src/AIHubStudio/Tool/Registry.cls as udl
Loading file /home/irisowner/dev/src/Sample/Person.cls as udl

Compilation started on 08/25/2026 21:09:33 with qualifiers 'ck'
ERROR #5373: Class '%AI.Skill', used by 'AIHubStudio.Skill.BasicConversation:superclass', does not exist
Skipping class AIHubStudio.Skill.BasicConversation
ERROR #5373: Class '%AI.Skill', used by 'AIHubStudio.Skill.Mathematics:superclass', does not exist
Skipping class AIHubStudio.Skill.Mathematics
ERROR #5373: Class '%AI.Skill', used by 'AIHubStudio.Skill.WeatherKnowledge:superclass', does not exist
Skipping class AIHubStudio.Skill.WeatherKnowledge
Compiling 29 classes
Compiling class AIHubStudio.Agent.Registry
Compiling class AIHubStudio.Init
Compiling class AIHubStudio.Agent.Starter
Compiling class AIHubStudio.Config
Compiling class AIHubStudio.REST.ConfigService
ERROR #5478: Keyword signature error in AIHubStudio.REST.ConfigService:Method:OnPreDispatch, keyword 'ReturnType' must be '%Library.Status' or its subclass
  > ERROR #5030: An error occurred while compiling class 'AIHubStudio.REST.ConfigService'
Compiling class AIHubStudio.REST.SkillService
ERROR #5478: Keyword signature error in AIHubStudio.REST.SkillService:Method:OnPreDispatch, keyword 'ReturnType' must be '%Library.Status' or its subclass
  > ERROR #5030: An error occurred while compiling class 'AIHubStudio.REST.SkillService'
Compiling class AIHubStudio.Agent.BaseAgent
ERROR #5488: Invalid method formalspec format AIHubStudio.Agent.BaseAgent.Chat, expected <Default value> [OFFSET=65]
  > ERROR #5030: An error occurred while compiling class 'AIHubStudio.Agent.BaseAgent'
ERROR #5477: Keyword signature error in AIHubStudio.Agent.BaseAgent:Property:Provider, keyword 'Required' must be '1'
  > ERROR #5030: An error occurred while compiling class 'AIHubStudio.Agent.BaseAgent'
Compiling class AIHubStudio.REST.ToolService
ERROR #5478: Keyword signature error in AIHubStudio.REST.ToolService:Method:OnPreDispatch, keyword 'ReturnType' must be '%Library.Status' or its subclass
  > ERROR #5030: An error occurred while compiling class 'AIHubStudio.REST.ToolService'
Compiling class AIHubStudio.REST.StarterService
ERROR #5478: Keyword signature error in AIHubStudio.REST.StarterService:Method:OnPreDispatch, keyword 'ReturnType' must be '%Library.Status' or its subclass
  > ERROR #5030: An error occurred while compiling class 'AIHubStudio.REST.StarterService'
Compiling class AIHubStudio.Status
Compiling class AIHubStudio.REST.StatusService
ERROR #5478: Keyword signature error in AIHubStudio.REST.StatusService:Method:OnPreDispatch, keyword 'ReturnType' must be '%Library.Status' or its subclass
  > ERROR #5030: An error occurred while compiling class 'AIHubStudio.REST.StatusService'
Compiling class AIHubStudio.REST.WebGateway
ERROR #5478: Keyword signature error in AIHubStudio.REST.WebGateway:Method:OnPreDispatch, keyword 'ReturnType' must be '%Library.Status' or its subclass
  > ERROR #5030: An error occurred while compiling class 'AIHubStudio.REST.WebGateway'
Compiling class AIHubStudio.Skill.Registry
Compiling class AIHubStudio.Tests.StarterTest
Compiling class AIHubStudio.Tool.Registry
Compiling class User.AIHubStudio
Compiling class AIHubStudio.Tool.Calculator
Compiling class Sample.MCPSetup
Compiling class AIHubStudio.Tool.WeatherAPI
Compiling class Sample.Agent
Compiling class Sample.Person
Compiling class AIHubStudio.REST.AgentMessageService
Compiling class AIHubStudio.REST.AgentService
Compiling class Sample.MCPService
Compiling class AIHubStudio.Agent.HelloWorld
ERROR #5289: Unable to construct the compile tree because class 'AIHubStudio.Agent.BaseAgent' which it depends on has not had inheritance resolved.
  > ERROR #5030: An error occurred while compiling class 'AIHubStudio.Agent.HelloWorld'
Compiling class AIHubStudio.Agent.MathHelper
ERROR #5289: Unable to construct the compile tree because class 'AIHubStudio.Agent.BaseAgent' which it depends on has not had inheritance resolved.
  > ERROR #5030: An error occurred while compiling class 'AIHubStudio.Agent.MathHelper'
Compiling class AIHubStudio.Agent.WeatherBot
ERROR #5289: Unable to construct the compile tree because class 'AIHubStudio.Agent.BaseAgent' which it depends on has not had inheritance resolved.
  > ERROR #5030: An error occurred while compiling class 'AIHubStudio.Agent.WeatherBot'
Compiling table Sample.Person
Compiling routine User.AIHubStudio.1
Compiling routine AIHubStudio.Init.1
ERROR: AIHubStudio.Init.cls(InitializeSystem+31) #1043: QUIT argument not allowed : '1' : Offset:14 [InitializeSystem+19^AIHubStudio.Init.1]
 TEXT:         quit 1
ERROR: AIHubStudio.Init.cls(InitializeSystem+34) #1043: QUIT argument not allowed : '(ex.DisplayString()))' : Offset:56 [InitializeSystem+22^AIHubStudio.Init.1]
 TEXT:         quit $$Error^%apiOBJ(5001, (ex.DisplayString()))
Compiling routine Sample.MCPSetup.1
Compiling routine Sample.Agent.1
Compiling routine AIHubStudio.Status.1
ERROR: AIHubStudio.Status.cls
ERROR:  AIHubStudio.Status.1(5) : MPP5351 : Class 'AIHubStudio' does not exist.
 TEXT:     write "Version: " _ ##class(AIHubStudio).GetVersion(),!
ERROR: AIHubStudio.Status.cls
ERROR:  AIHubStudio.Status.1(6) : MPP5351 : Class 'AIHubStudio' does not exist.
 TEXT:           "version": (##class(AIHubStudio).GetVersion()),
Compiling routine AIHubStudio.Tool.WeatherAPI.1
Compiling routine AIHubStudio.Tool.Registry.1
Compiling routine AIHubStudio.Tests.StarterTest.1
ERROR: AIHubStudio.Tests.StarterTest.cls(RunAllTests+19) #1043: QUIT argument not allowed : '1' : Offset:14 [RunAllTests+14^AIHubStudio.Tests.StarterTest.1]
 TEXT:         quit 1
ERROR: AIHubStudio.Tests.StarterTest.cls(RunAllTests+22) #1043: QUIT argument not allowed : '(ex.DisplayString()))' : Offset:56 [RunAllTests+17^AIHubStudio.Tests.StarterTest.1]
 TEXT:         quit $$Error^%apiOBJ(5001, (ex.DisplayString()))
Compiling routine AIHubStudio.Tool.Calculator.1
ERROR: AIHubStudio.Tool.Calculator.cls
ERROR:  AIHubStudio.Tool.Calculator.1(4) : MPP5377 : You are attempting to call instance method 'CleanExpression' from a class method
 TEXT:         Set cleanExpr = ..CleanExpression(expression)
ERROR:  AIHubStudio.Tool.Calculator.1(5) : MPP5377 : You are attempting to call instance method 'EvaluateExpression' from a class method
 TEXT:         Set result = ..EvaluateExpression(cleanExpr)
ERROR: AIHubStudio.Tool.Calculator.cls(Evaluate+5) #1043: QUIT argument not allowed : 'result' : Offset:32 [Evaluate+4^AIHubStudio.Tool.Calculator.1]
 TEXT:         Quit "Result: " _ result
ERROR: AIHubStudio.Tool.Calculator.cls(Evaluate+7) #1043: QUIT argument not allowed : '"Error: Invalid expression"' : Offset:40 [Evaluate+6^AIHubStudio.Tool.Calculator.1]
 TEXT:         Quit "Error: Invalid expression"
ERROR: AIHubStudio.Tool.Calculator.cls(EvaluateExpression+9) #1043: QUIT argument not allowed : '0' : Offset:34 [EvaluateExpression+7^AIHubStudio.Tool.Calculator.1]
 TEXT:         If (closePos = 0) { Quit 0 }
ERROR: AIHubStudio.Tool.Calculator.cls(EvaluateExpression+22) #1043: QUIT argument not allowed : '+expression' : Offset:20 [EvaluateExpression+16^AIHubStudio.Tool.Calculator.1]
 TEXT:     Quit +expression }
ERROR: AIHubStudio.Tool.Calculator.cls(EvaluateOperator) #1026: Invalid command : 'methodimpl {' : Offset:44 [EvaluateOperator^AIHubStudio.Tool.Calculator.1]
 TEXT: EvaluateOperator(expr,operators) methodimpl {
ERROR: AIHubStudio.Tool.Calculator.cls(EvaluateOperator+39) #1043: QUIT argument not allowed : 'result' : Offset:15 [EvaluateOperator+32^AIHubStudio.Tool.Calculator.1]
 TEXT:     Quit result }
ERROR: AIHubStudio.Tool.Calculator.cls(FindMatchingParen) #1026: Invalid command : 'methodimpl {' : Offset:43 [FindMatchingParen^AIHubStudio.Tool.Calculator.1]
 TEXT: FindMatchingParen(expr,openPos) methodimpl {
ERROR: AIHubStudio.Tool.Calculator.cls(FindMatchingParen+8) #1045: Expected opening brace : 'Else' : Offset:12 [FindMatchingParen+6^AIHubStudio.Tool.Calculator.1]
 TEXT:         Else If (char = ")") { Set depth = depth - 1 }
ERROR: AIHubStudio.Tool.Calculator.cls(FindMatchingParen+9) #1043: QUIT argument not allowed : 'i' : Offset:31 [FindMatchingParen+7^AIHubStudio.Tool.Calculator.1]
 TEXT:         If (depth = 0) { Quit i }
ERROR: AIHubStudio.Tool.Calculator.cls(FindMatchingParen+13) #1043: QUIT argument not allowed : '}' : Offset:12 [FindMatchingParen+10^AIHubStudio.Tool.Calculator.1]
 TEXT:     Quit 0 }
ERROR #5123: Unable to find entry point for method 'EvaluateOperator' in routine 'AIHubStudio.Tool.Calculator.1'
Compiling routine AIHubStudio.Skill.Registry.1
Compiling routine AIHubStudio.Agent.Registry.1
ERROR: AIHubStudio.Agent.Registry.cls(GetFieldValue+8) #1011: Invalid name : 'result.(pField)' : Offset:21 [GetFieldValue+6^AIHubStudio.Agent.Registry.1]
 TEXT:         quit result.(pField)
Compiling routine AIHubStudio.Agent.Starter.1
ERROR: AIHubStudio.Agent.Starter.cls
ERROR:  AIHubStudio.Agent.Starter.1(3) : MPP5393 : You can not reference a property 'Templates' in a class method.
 TEXT:     if '$DATA(..Templates(templateName)) {
ERROR:  AIHubStudio.Agent.Starter.1(7) : MPP5393 : You can not reference a property 'Templates' in a class method.
 TEXT:     set template = ..Templates(templateName)
ERROR: AIHubStudio.Agent.Starter.cls
ERROR:  AIHubStudio.Agent.Starter.1(3) : MPP5393 : You can not reference a property 'Templates' in a class method.
 TEXT:     if '$DATA(..Templates(templateName)) {
ERROR:  AIHubStudio.Agent.Starter.1(7) : MPP5393 : You can not reference a property 'Templates' in a class method.
 TEXT:     set template = ..Templates(templateName)
ERROR: AIHubStudio.Agent.Starter.cls
ERROR:  AIHubStudio.Agent.Starter.1(3) : MPP5393 : You can not reference a property 'Templates' in a class method.
 TEXT:     if $DATA(..Templates(templateName)) {
ERROR:  AIHubStudio.Agent.Starter.1(4) : MPP5393 : You can not reference a property 'Templates' in a class method.
 TEXT:         quit ..Templates(templateName).%ToJSON()
ERROR: AIHubStudio.Agent.Starter.cls
ERROR:  AIHubStudio.Agent.Starter.1(7) : MPP5393 : You can not reference a property 'Templates' in a class method.
 TEXT:         set key = $ORDER(..Templates(key))
ERROR:  AIHubStudio.Agent.Starter.1(9) : MPP5393 : You can not reference a property 'Templates' in a class method.
 TEXT:         do result.%Push(..Templates(key))
ERROR: AIHubStudio.Agent.Starter.cls
ERROR:  AIHubStudio.Agent.Starter.1(4) : MPP5393 : You can not reference a property 'Templates' in a class method.
 TEXT:     set ..Templates("hello_world") = {
ERROR:  AIHubStudio.Agent.Starter.1(14) : MPP5393 : You can not reference a property 'Templates' in a class method.
 TEXT:     set ..Templates("weather_bot") = {
ERROR:  AIHubStudio.Agent.Starter.1(24) : MPP5393 : You can not reference a property 'Templates' in a class method.
 TEXT:     set ..Templates("math_helper") = {
Compiling routine AIHubStudio.REST.AgentService.1
ERROR: AIHubStudio.REST.AgentService.cls(DeleteAgent+5) #1043: QUIT argument not allowed : '1' : Offset:14 [DeleteAgent+4^AIHubStudio.REST.AgentService.1]
 TEXT:         quit 1
ERROR: AIHubStudio.REST.AgentService.cls(DeleteAgent+8) #1043: QUIT argument not allowed : '(ex.DisplayString()))' : Offset:56 [DeleteAgent+7^AIHubStudio.REST.AgentService.1]
 TEXT:         quit $$Error^%apiOBJ(5001, (ex.DisplayString()))
ERROR: AIHubStudio.REST.AgentService.cls(GetAgent+5) #1043: QUIT argument not allowed : '1' : Offset:14 [GetAgent+4^AIHubStudio.REST.AgentService.1]
 TEXT:         quit 1
ERROR: AIHubStudio.REST.AgentService.cls(GetAgent+8) #1043: QUIT argument not allowed : '(ex.DisplayString()))' : Offset:56 [GetAgent+7^AIHubStudio.REST.AgentService.1]
 TEXT:         quit $$Error^%apiOBJ(5001, (ex.DisplayString()))
ERROR: AIHubStudio.REST.AgentService.cls(ListAgents+5) #1043: QUIT argument not allowed : '1' : Offset:14 [ListAgents+4^AIHubStudio.REST.AgentService.1]
 TEXT:         quit 1
ERROR: AIHubStudio.REST.AgentService.cls(ListAgents+8) #1043: QUIT argument not allowed : '(ex.DisplayString()))' : Offset:56 [ListAgents+7^AIHubStudio.REST.AgentService.1]
 TEXT:         quit $$Error^%apiOBJ(5001, (ex.DisplayString()))
ERROR: AIHubStudio.REST.AgentService.cls(RegisterAgent+5) #1043: QUIT argument not allowed : '1' : Offset:14 [RegisterAgent+4^AIHubStudio.REST.AgentService.1]
 TEXT:         quit 1
ERROR: AIHubStudio.REST.AgentService.cls(RegisterAgent+8) #1043: QUIT argument not allowed : '(ex.DisplayString()))' : Offset:56 [RegisterAgent+7^AIHubStudio.REST.AgentService.1]
 TEXT:         quit $$Error^%apiOBJ(5001, (ex.DisplayString()))
ERROR: AIHubStudio.REST.AgentService.cls(SearchAgents+5) #1043: QUIT argument not allowed : '1' : Offset:14 [SearchAgents+4^AIHubStudio.REST.AgentService.1]
 TEXT:         quit 1
ERROR: AIHubStudio.REST.AgentService.cls(SearchAgents+8) #1043: QUIT argument not allowed : '(ex.DisplayString()))' : Offset:56 [SearchAgents+7^AIHubStudio.REST.AgentService.1]
 TEXT:         quit $$Error^%apiOBJ(5001, (ex.DisplayString()))
ERROR: AIHubStudio.REST.AgentService.cls(UpdateAgent+5) #1043: QUIT argument not allowed : '1' : Offset:14 [UpdateAgent+4^AIHubStudio.REST.AgentService.1]
 TEXT:         quit 1
ERROR: AIHubStudio.REST.AgentService.cls(UpdateAgent+8) #1043: QUIT argument not allowed : '(ex.DisplayString()))' : Offset:56 [UpdateAgent+7^AIHubStudio.REST.AgentService.1]
 TEXT:         quit $$Error^%apiOBJ(5001, (ex.DisplayString()))
Compiling routine AIHubStudio.REST.AgentMessageService.1
ERROR: AIHubStudio.REST.AgentMessageService.cls
ERROR:  AIHubStudio.REST.AgentMessageService.1(14) : MPP5610 : Referenced macro not defined: 'UUID'
 TEXT:         set conversationId = $$$UUID()
ERROR: AIHubStudio.REST.AgentMessageService.cls(SendMessage+9) #1043: QUIT argument not allowed : '"Agent not found")' : Offset:57 [SendMessage+7^AIHubStudio.REST.AgentMessageService.1]
 TEXT:             quit $$Error^%apiOBJ(5001, "Agent not found")
ERROR: AIHubStudio.REST.AgentMessageService.cls(SendMessage+19) #1043: QUIT argument not allowed : '"Failed to create agent")' : Offset:64 [SendMessage+15^AIHubStudio.REST.AgentMessageService.1]
 TEXT:             quit $$Error^%apiOBJ(5001, "Failed to create agent")
ERROR: AIHubStudio.REST.AgentMessageService.cls(SendMessage+26) #1043: QUIT argument not allowed : '"Failed to initialize agent")' : Offset:68 [SendMessage+21^AIHubStudio.REST.AgentMessageService.1]
 TEXT:             quit $$Error^%apiOBJ(5001, "Failed to initialize agent")
ERROR: AIHubStudio.REST.AgentMessageService.cls(SendMessage+41) #1043: QUIT argument not allowed : '1' : Offset:14 [SendMessage+33^AIHubStudio.REST.AgentMessageService.1]
 TEXT:         quit 1
ERROR: AIHubStudio.REST.AgentMessageService.cls(SendMessage+44) #1043: QUIT argument not allowed : '(ex.DisplayString()))' : Offset:56 [SendMessage+36^AIHubStudio.REST.AgentMessageService.1]
 TEXT:         quit $$Error^%apiOBJ(5001, (ex.DisplayString()))
ERROR: AIHubStudio.REST.AgentMessageService.cls(StartConversation+9) #1043: QUIT argument not allowed : '"Agent not found")' : Offset:57 [StartConversation+7^AIHubStudio.REST.AgentMessageService.1]
 TEXT:             quit $$Error^%apiOBJ(5001, "Agent not found")
ERROR: AIHubStudio.REST.AgentMessageService.cls(StartConversation+13) #1002: Invalid character in tag : '$$$UUID()' : Offset:32 [StartConversation+10^AIHubStudio.REST.AgentMessageService.1]
 TEXT:         set conversationId = $$$UUID()
ERROR: AIHubStudio.REST.AgentMessageService.cls(StartConversation+22) #1043: QUIT argument not allowed : '1' : Offset:14 [StartConversation+17^AIHubStudio.REST.AgentMessageService.1]
 TEXT:         quit 1
ERROR: AIHubStudio.REST.AgentMessageService.cls(StartConversation+25) #1043: QUIT argument not allowed : '(ex.DisplayString()))' : Offset:56 [StartConversation+20^AIHubStudio.REST.AgentMessageService.1]
 TEXT:         quit $$Error^%apiOBJ(5001, (ex.DisplayString()))
Compiling routine AIHubStudio.Config.1
Compiling routine Sample.Person.1
Compiling class Sample.Tools
Compiling routine Sample.Tools.1
Compiling class Sample.ToolSet
Compiling routine Sample.ToolSet.1
Detected 67 errors during compilation in 0.088s.

ERROR #5373: Class '%AI.Skill', used by 'AIHubStudio.Skill.BasicConversation:superclass', does not exist
Detected 68 errors during load.
2026-08-25 21:09:33 0 App.Installer: ERROR #16021: Illegal Header Line: from mcp.server.fastmcp import FastMCP
2026-08-25 21:09:33 0 App.Installer: Installation failed at 2026-08-25 21:09:33
2026-08-25 21:09:33 0 %Installer: Elapsed time .142769s

%SYS>

%SYS>

%SYS>

Building dependency graph...Done.
[%SYS|vscode-per-namespace-settings]	Initialize START
[%SYS|vscode-per-namespace-settings]	Initialize SUCCESS
[%SYS|vscode-per-namespace-settings]	Reload START (/usr/irissys/ipm/vscode-per-namespace-settings/1.0.0/)
[%SYS|vscode-per-namespace-settings]	Reload SUCCESS
[vscode-per-namespace-settings]	Module object refreshed.
[%SYS|vscode-per-namespace-settings]	Validate START
[%SYS|vscode-per-namespace-settings]	Validate SUCCESS
[%SYS|vscode-per-namespace-settings]	Compile START
[%SYS|vscode-per-namespace-settings]	Compile SUCCESS
[%SYS|vscode-per-namespace-settings]	Activate START
[%SYS|vscode-per-namespace-settings]	Configure START
Deleting class %Z.IPM.Bootstraps.Main
[%SYS|vscode-per-namespace-settings]	Configure SUCCESS
[%SYS|vscode-per-namespace-settings]	Activate SUCCESS
%SYS>

%SYS>

%SYS>

%SYS>

Node: 43ab12df3ccd, Instance: IRIS

USER>

%SYS>

%SYS>

%SYS>

%SYS>

%SYS>

%SYS>

%SYS>

%SYS>

%SYS>

%SYS>

%SYS>

Load started on 08/25/2026 21:12:01
Loading file /usr/irissys/mgr/Temp/rlHlcgfubgZzpw.xml as xml
Imported class: IPM.Installer
Compiling class IPM.Installer
Compiling routine IPM.Installer.1
Load finished successfully.

%SYS>

%SYS>

%SYS>

%SYS>

%SYS>

%SYS>

%SYS>

%SYS>

Version of IPM in current namespace: 
%SYS> [32mzpm [0m0.10.9

RUNNING command: "repo -delete-all"
[32mCommand "repo -delete-all" finished successfull[0m

RUNNING command: "repo -reset-defaults"
[33mWARNING: Using -password via the CLI is insecure. Use -password-stdin or -password-env.[0m
registry
	Source: 			https://pm.community.intersystems.com
	Enabled?			Yes
	Available?			Yes
	Use for Snapshots?		Yes
	Use for Prereleases?		Yes
	Is Read-Only?			No
	Default Deployment Registry? 	No

registry
	Source: 			https://pm.community.intersystems.com
	Enabled?			Yes
	Available?			Yes
	Use for Snapshots?		Yes
	Use for Prereleases?		Yes
	Is Read-Only?			No
	Default Deployment Registry? 	No

[32mCommand "repo -reset-defaults" finished successfull[0m

RUNNING command: "enable -map -repos -globally"
Version of IPM in current namespace: 
%SYS> [32mzpm [0m0.10.9
Skipping IPM mapping of %SYS - IPM already installed.
Mapping %IPM package in %SYS equivalently to AI_HUB_STUDIO
Mapping %IPM.* routines in %SYS equivalently to AI_HUB_STUDIO
Mapping %IPM package in %SYS equivalently to USER
Mapping %IPM.* routines in %SYS equivalently to USER
Skipping repository mapping of %SYS - IPM not mapped from source namespace.
Mapping IPM repository in %SYS equivalently to AI_HUB_STUDIO
Mapping IPM repository in %SYS equivalently to USER
Done.

[35m%SYS> [0m         [32mzpm[0m [39m0.10.9[0m
[35mAI_HUB_STUDIO> [0m[32mzpm[0m [39m0.10.9[0m
               [39mInstalled In: [0m%SYS 
[35mUSER> [0m         [32mzpm[0m [39m0.10.9[0m
               [39mInstalled In: [0m%SYS 
[39mhttps://pm.community.intersystems.com[0m - 1.0.0
[32mCommand "enable -map -repos -globally" finished successfull[0m
%SYS>

%SYS>

%SYS>

Load started on 08/25/2026 21:12:03
Loading file /home/irisowner/dev/App.Installer.cls as udl
Compiling class App.Installer
Compiling routine App.Installer.1
Load finished successfully.

%SYS>

%SYS>

%SYS>
2026-08-25 21:12:03 0 App.Installer: Installation starting at 2026-08-25 21:12:03, LogLevel=3
2026-08-25 21:12:03 3 : Start manifest
2026-08-25 21:12:03 3 Evaluate: Working directory: #{$system.Process.CurrentDirectory()} -> Working directory: /usr/irissys/mgr/
2026-08-25 21:12:03 3 : Working directory: /usr/irissys/mgr/
2026-08-25 21:12:03 3 SetVariable: NAMESPACE=AI_HUB_STUDIO
2026-08-25 21:12:03 3 SetVariable: DBNAME=AI_HUB_STUDIO
2026-08-25 21:12:03 3 SetVariable: APPPATH=/usr/irissys/mgr/
2026-08-25 21:12:03 3 SetVariable: SOURCESPATH=/home/irisowner/dev/src/
2026-08-25 21:12:03 3 Evaluate: %DB_${DBNAME} -> %DB_AI_HUB_STUDIO
2026-08-25 21:12:03 3 SetVariable: RESOURCE=%DB_AI_HUB_STUDIO
2026-08-25 21:12:03 3 Evaluate: Importing source code into namespace ${NAMESPACE} -> Importing source code into namespace AI_HUB_STUDIO
2026-08-25 21:12:03 3 : Importing source code into namespace AI_HUB_STUDIO
2026-08-25 21:12:03 3 Evaluate: ${NAMESPACE} -> AI_HUB_STUDIO
2026-08-25 21:12:03 3 Evaluate: ${SOURCESPATH} -> /home/irisowner/dev/src/
2026-08-25 21:12:03 1 Import: Loading /home/irisowner/dev/src/ (isdir=1) into AI_HUB_STUDIO, recurse=1

Load of directory started on 08/25/2026 21:12:03

Loading file /home/irisowner/dev/src/AIHubStudio.cls as udl
Loading file /home/irisowner/dev/src/AIHubStudio/Status.cls as udl
Loading file /home/irisowner/dev/src/AIHubStudio/Agent/MathHelper.cls as udl
Loading file /home/irisowner/dev/src/AIHubStudio/Agent/HelloWorld.cls as udl
Loading file /home/irisowner/dev/src/AIHubStudio/Agent/BaseAgent.cls as udl
Loading file /home/irisowner/dev/src/AIHubStudio/Config.cls as udl
Loading file /home/irisowner/dev/src/AIHubStudio/Agent/Registry.cls as udl
Loading file /home/irisowner/dev/src/AIHubStudio/Agent/WeatherBot.cls as udl
Loading file /home/irisowner/dev/src/AIHubStudio/Agent/Starter.cls as udl
Loading file /home/irisowner/dev/src/AIHubStudio/Init.cls as udl
Loading file /home/irisowner/dev/src/AIHubStudio/REST/AgentMessageService.cls as udl
Loading file /home/irisowner/dev/src/AIHubStudio/REST/StatusService.cls as udl
Loading file /home/irisowner/dev/src/Python/multiplication_mcp.py as udl
ERROR #16021: Illegal Header Line: from mcp.server.fastmcp import FastMCP
Loading file /home/irisowner/dev/src/AIHubStudio/REST/StarterService.cls as udl
Loading file /home/irisowner/dev/src/AIHubStudio/REST/ToolService.cls as udl
Loading file /home/irisowner/dev/src/AIHubStudio/REST/SkillService.cls as udl
Loading file /home/irisowner/dev/src/AIHubStudio/REST/ConfigService.cls as udl
Loading file /home/irisowner/dev/src/AIHubStudio/Skill/BasicConversation.cls as udl
Loading file /home/irisowner/dev/src/AIHubStudio/REST/WebGateway.cls as udl
Loading file /home/irisowner/dev/src/AIHubStudio/Skill/Mathematics.cls as udl
Loading file /home/irisowner/dev/src/AIHubStudio/Skill/WeatherKnowledge.cls as udl
Loading file /home/irisowner/dev/src/AIHubStudio/Skill/Registry.cls as udl
Loading file /home/irisowner/dev/src/AIHubStudio/Tool/Registry.cls as udl
Loading file /home/irisowner/dev/src/AIHubStudio/Tests/StarterTest.cls as udl
Loading file /home/irisowner/dev/src/AIHubStudio/Tool/Calculator.cls as udl
Loading file /home/irisowner/dev/src/AIHubStudio/REST/AgentService.cls as udl
Loading file /home/irisowner/dev/src/AIHubStudio/Tool/WeatherAPI.cls as udl
Loading file /home/irisowner/dev/src/Sample/MCPService.cls as udl
Loading file /home/irisowner/dev/src/Sample/Agent.cls as udl
Loading file /home/irisowner/dev/src/Sample/MCPSetup.cls as udl
Loading file /home/irisowner/dev/src/Sample/Person.cls as udl
Loading file /home/irisowner/dev/src/Sample/Tools.cls as udl
Loading file /home/irisowner/dev/src/Sample/ToolSet.cls as udl

Compilation started on 08/25/2026 21:12:03 with qualifiers 'ck'
ERROR #5373: Class '%AI.Skill', used by 'AIHubStudio.Skill.BasicConversation:superclass', does not exist
Skipping class AIHubStudio.Skill.BasicConversation
ERROR #5373: Class '%AI.Skill', used by 'AIHubStudio.Skill.Mathematics:superclass', does not exist
Skipping class AIHubStudio.Skill.Mathematics
ERROR #5373: Class '%AI.Skill', used by 'AIHubStudio.Skill.WeatherKnowledge:superclass', does not exist
Skipping class AIHubStudio.Skill.WeatherKnowledge
Compiling 29 classes
Compiling class AIHubStudio.Agent.Registry
Compiling class AIHubStudio.Init
Compiling class AIHubStudio.Agent.Starter
Compiling class AIHubStudio.Config
Compiling class AIHubStudio.REST.StarterService
ERROR #5478: Keyword signature error in AIHubStudio.REST.StarterService:Method:OnPreDispatch, keyword 'ReturnType' must be '%Library.Status' or its subclass
  > ERROR #5030: An error occurred while compiling class 'AIHubStudio.REST.StarterService'
Compiling class AIHubStudio.Agent.BaseAgent
ERROR #5488: Invalid method formalspec format AIHubStudio.Agent.BaseAgent.Chat, expected <Default value> [OFFSET=65]
  > ERROR #5030: An error occurred while compiling class 'AIHubStudio.Agent.BaseAgent'
ERROR #5477: Keyword signature error in AIHubStudio.Agent.BaseAgent:Property:Provider, keyword 'Required' must be '1'
  > ERROR #5030: An error occurred while compiling class 'AIHubStudio.Agent.BaseAgent'
Compiling class AIHubStudio.REST.ConfigService
ERROR #5478: Keyword signature error in AIHubStudio.REST.ConfigService:Method:OnPreDispatch, keyword 'ReturnType' must be '%Library.Status' or its subclass
  > ERROR #5030: An error occurred while compiling class 'AIHubStudio.REST.ConfigService'
Compiling class AIHubStudio.REST.SkillService
ERROR #5478: Keyword signature error in AIHubStudio.REST.SkillService:Method:OnPreDispatch, keyword 'ReturnType' must be '%Library.Status' or its subclass
  > ERROR #5030: An error occurred while compiling class 'AIHubStudio.REST.SkillService'
Compiling class AIHubStudio.REST.StatusService
ERROR #5478: Keyword signature error in AIHubStudio.REST.StatusService:Method:OnPreDispatch, keyword 'ReturnType' must be '%Library.Status' or its subclass
  > ERROR #5030: An error occurred while compiling class 'AIHubStudio.REST.StatusService'
Compiling class AIHubStudio.REST.ToolService
ERROR #5478: Keyword signature error in AIHubStudio.REST.ToolService:Method:OnPreDispatch, keyword 'ReturnType' must be '%Library.Status' or its subclass
  > ERROR #5030: An error occurred while compiling class 'AIHubStudio.REST.ToolService'
Compiling class AIHubStudio.Tests.StarterTest
Compiling class AIHubStudio.Skill.Registry
Compiling class AIHubStudio.REST.WebGateway
ERROR #5478: Keyword signature error in AIHubStudio.REST.WebGateway:Method:OnPreDispatch, keyword 'ReturnType' must be '%Library.Status' or its subclass
  > ERROR #5030: An error occurred while compiling class 'AIHubStudio.REST.WebGateway'
Compiling class AIHubStudio.Status
Compiling class User.AIHubStudio
Compiling class AIHubStudio.Tool.Registry
Compiling class AIHubStudio.Tool.Calculator
Compiling class Sample.MCPSetup
Compiling class AIHubStudio.Tool.WeatherAPI
Compiling class Sample.Agent
Compiling class Sample.Person
Compiling class AIHubStudio.REST.AgentMessageService
Compiling class AIHubStudio.REST.AgentService
Compiling class Sample.MCPService
Compiling class AIHubStudio.Agent.MathHelper
ERROR #5289: Unable to construct the compile tree because class 'AIHubStudio.Agent.BaseAgent' which it depends on has not had inheritance resolved.
  > ERROR #5030: An error occurred while compiling class 'AIHubStudio.Agent.MathHelper'
Compiling class AIHubStudio.Agent.HelloWorld
ERROR #5289: Unable to construct the compile tree because class 'AIHubStudio.Agent.BaseAgent' which it depends on has not had inheritance resolved.
  > ERROR #5030: An error occurred while compiling class 'AIHubStudio.Agent.HelloWorld'
Compiling class AIHubStudio.Agent.WeatherBot
ERROR #5289: Unable to construct the compile tree because class 'AIHubStudio.Agent.BaseAgent' which it depends on has not had inheritance resolved.
  > ERROR #5030: An error occurred while compiling class 'AIHubStudio.Agent.WeatherBot'
Compiling table Sample.Person
Compiling routine User.AIHubStudio.1
Compiling routine Sample.MCPSetup.1
Compiling routine Sample.Agent.1
Compiling routine AIHubStudio.Status.1
ERROR: AIHubStudio.Status.cls
ERROR:  AIHubStudio.Status.1(5) : MPP5351 : Class 'AIHubStudio' does not exist.
 TEXT:     write "Version: " _ ##class(AIHubStudio).GetVersion(),!
ERROR: AIHubStudio.Status.cls
ERROR:  AIHubStudio.Status.1(6) : MPP5351 : Class 'AIHubStudio' does not exist.
 TEXT:           "version": (##class(AIHubStudio).GetVersion()),
Compiling routine AIHubStudio.Init.1
ERROR: AIHubStudio.Init.cls(InitializeSystem+31) #1043: QUIT argument not allowed : '1' : Offset:14 [InitializeSystem+19^AIHubStudio.Init.1]
 TEXT:         quit 1
ERROR: AIHubStudio.Init.cls(InitializeSystem+34) #1043: QUIT argument not allowed : '(ex.DisplayString()))' : Offset:56 [InitializeSystem+22^AIHubStudio.Init.1]
 TEXT:         quit $$Error^%apiOBJ(5001, (ex.DisplayString()))
Compiling routine AIHubStudio.Tool.WeatherAPI.1
Compiling routine AIHubStudio.Tests.StarterTest.1
ERROR: AIHubStudio.Tests.StarterTest.cls(RunAllTests+19) #1043: QUIT argument not allowed : '1' : Offset:14 [RunAllTests+14^AIHubStudio.Tests.StarterTest.1]
 TEXT:         quit 1
ERROR: AIHubStudio.Tests.StarterTest.cls(RunAllTests+22) #1043: QUIT argument not allowed : '(ex.DisplayString()))' : Offset:56 [RunAllTests+17^AIHubStudio.Tests.StarterTest.1]
 TEXT:         quit $$Error^%apiOBJ(5001, (ex.DisplayString()))
Compiling routine AIHubStudio.Tool.Calculator.1
ERROR: AIHubStudio.Tool.Calculator.cls
ERROR:  AIHubStudio.Tool.Calculator.1(4) : MPP5377 : You are attempting to call instance method 'CleanExpression' from a class method
 TEXT:         Set cleanExpr = ..CleanExpression(expression)
ERROR:  AIHubStudio.Tool.Calculator.1(5) : MPP5377 : You are attempting to call instance method 'EvaluateExpression' from a class method
 TEXT:         Set result = ..EvaluateExpression(cleanExpr)
ERROR: AIHubStudio.Tool.Calculator.cls(Evaluate+5) #1043: QUIT argument not allowed : 'result' : Offset:32 [Evaluate+4^AIHubStudio.Tool.Calculator.1]
 TEXT:         Quit "Result: " _ result
ERROR: AIHubStudio.Tool.Calculator.cls(Evaluate+7) #1043: QUIT argument not allowed : '"Error: Invalid expression"' : Offset:40 [Evaluate+6^AIHubStudio.Tool.Calculator.1]
 TEXT:         Quit "Error: Invalid expression"
ERROR: AIHubStudio.Tool.Calculator.cls(EvaluateExpression+9) #1043: QUIT argument not allowed : '0' : Offset:34 [EvaluateExpression+7^AIHubStudio.Tool.Calculator.1]
 TEXT:         If (closePos = 0) { Quit 0 }
ERROR: AIHubStudio.Tool.Calculator.cls(EvaluateExpression+22) #1043: QUIT argument not allowed : '+expression' : Offset:20 [EvaluateExpression+16^AIHubStudio.Tool.Calculator.1]
 TEXT:     Quit +expression }
ERROR: AIHubStudio.Tool.Calculator.cls(EvaluateOperator) #1026: Invalid command : 'methodimpl {' : Offset:44 [EvaluateOperator^AIHubStudio.Tool.Calculator.1]
 TEXT: EvaluateOperator(expr,operators) methodimpl {
ERROR: AIHubStudio.Tool.Calculator.cls(EvaluateOperator+39) #1043: QUIT argument not allowed : 'result' : Offset:15 [EvaluateOperator+32^AIHubStudio.Tool.Calculator.1]
 TEXT:     Quit result }
ERROR: AIHubStudio.Tool.Calculator.cls(FindMatchingParen) #1026: Invalid command : 'methodimpl {' : Offset:43 [FindMatchingParen^AIHubStudio.Tool.Calculator.1]
 TEXT: FindMatchingParen(expr,openPos) methodimpl {
ERROR: AIHubStudio.Tool.Calculator.cls(FindMatchingParen+8) #1045: Expected opening brace : 'Else' : Offset:12 [FindMatchingParen+6^AIHubStudio.Tool.Calculator.1]
 TEXT:         Else If (char = ")") { Set depth = depth - 1 }
ERROR: AIHubStudio.Tool.Calculator.cls(FindMatchingParen+9) #1043: QUIT argument not allowed : 'i' : Offset:31 [FindMatchingParen+7^AIHubStudio.Tool.Calculator.1]
 TEXT:         If (depth = 0) { Quit i }
ERROR: AIHubStudio.Tool.Calculator.cls(FindMatchingParen+13) #1043: QUIT argument not allowed : '}' : Offset:12 [FindMatchingParen+10^AIHubStudio.Tool.Calculator.1]
 TEXT:     Quit 0 }
ERROR #5123: Unable to find entry point for method 'EvaluateOperator' in routine 'AIHubStudio.Tool.Calculator.1'
Compiling routine AIHubStudio.Agent.Registry.1
ERROR: AIHubStudio.Agent.Registry.cls(GetFieldValue+8) #1011: Invalid name : 'result.(pField)' : Offset:21 [GetFieldValue+6^AIHubStudio.Agent.Registry.1]
 TEXT:         quit result.(pField)
Compiling routine AIHubStudio.Skill.Registry.1
Compiling routine AIHubStudio.Tool.Registry.1
Compiling routine AIHubStudio.Agent.Starter.1
ERROR: AIHubStudio.Agent.Starter.cls
ERROR:  AIHubStudio.Agent.Starter.1(3) : MPP5393 : You can not reference a property 'Templates' in a class method.
 TEXT:     if '$DATA(..Templates(templateName)) {
ERROR:  AIHubStudio.Agent.Starter.1(7) : MPP5393 : You can not reference a property 'Templates' in a class method.
 TEXT:     set template = ..Templates(templateName)
ERROR: AIHubStudio.Agent.Starter.cls
ERROR:  AIHubStudio.Agent.Starter.1(3) : MPP5393 : You can not reference a property 'Templates' in a class method.
 TEXT:     if '$DATA(..Templates(templateName)) {
ERROR:  AIHubStudio.Agent.Starter.1(7) : MPP5393 : You can not reference a property 'Templates' in a class method.
 TEXT:     set template = ..Templates(templateName)
ERROR: AIHubStudio.Agent.Starter.cls
ERROR:  AIHubStudio.Agent.Starter.1(3) : MPP5393 : You can not reference a property 'Templates' in a class method.
 TEXT:     if $DATA(..Templates(templateName)) {
ERROR:  AIHubStudio.Agent.Starter.1(4) : MPP5393 : You can not reference a property 'Templates' in a class method.
 TEXT:         quit ..Templates(templateName).%ToJSON()
ERROR: AIHubStudio.Agent.Starter.cls
ERROR:  AIHubStudio.Agent.Starter.1(7) : MPP5393 : You can not reference a property 'Templates' in a class method.
 TEXT:         set key = $ORDER(..Templates(key))
ERROR:  AIHubStudio.Agent.Starter.1(9) : MPP5393 : You can not reference a property 'Templates' in a class method.
 TEXT:         do result.%Push(..Templates(key))
ERROR: AIHubStudio.Agent.Starter.cls
ERROR:  AIHubStudio.Agent.Starter.1(4) : MPP5393 : You can not reference a property 'Templates' in a class method.
 TEXT:     set ..Templates("hello_world") = {
ERROR:  AIHubStudio.Agent.Starter.1(14) : MPP5393 : You can not reference a property 'Templates' in a class method.
 TEXT:     set ..Templates("weather_bot") = {
ERROR:  AIHubStudio.Agent.Starter.1(24) : MPP5393 : You can not reference a property 'Templates' in a class method.
 TEXT:     set ..Templates("math_helper") = {
Compiling routine AIHubStudio.REST.AgentService.1
ERROR: AIHubStudio.REST.AgentService.cls(DeleteAgent+5) #1043: QUIT argument not allowed : '1' : Offset:14 [DeleteAgent+4^AIHubStudio.REST.AgentService.1]
 TEXT:         quit 1
ERROR: AIHubStudio.REST.AgentService.cls(DeleteAgent+8) #1043: QUIT argument not allowed : '(ex.DisplayString()))' : Offset:56 [DeleteAgent+7^AIHubStudio.REST.AgentService.1]
 TEXT:         quit $$Error^%apiOBJ(5001, (ex.DisplayString()))
ERROR: AIHubStudio.REST.AgentService.cls(GetAgent+5) #1043: QUIT argument not allowed : '1' : Offset:14 [GetAgent+4^AIHubStudio.REST.AgentService.1]
 TEXT:         quit 1
ERROR: AIHubStudio.REST.AgentService.cls(GetAgent+8) #1043: QUIT argument not allowed : '(ex.DisplayString()))' : Offset:56 [GetAgent+7^AIHubStudio.REST.AgentService.1]
 TEXT:         quit $$Error^%apiOBJ(5001, (ex.DisplayString()))
ERROR: AIHubStudio.REST.AgentService.cls(ListAgents+5) #1043: QUIT argument not allowed : '1' : Offset:14 [ListAgents+4^AIHubStudio.REST.AgentService.1]
 TEXT:         quit 1
ERROR: AIHubStudio.REST.AgentService.cls(ListAgents+8) #1043: QUIT argument not allowed : '(ex.DisplayString()))' : Offset:56 [ListAgents+7^AIHubStudio.REST.AgentService.1]
 TEXT:         quit $$Error^%apiOBJ(5001, (ex.DisplayString()))
ERROR: AIHubStudio.REST.AgentService.cls(RegisterAgent+5) #1043: QUIT argument not allowed : '1' : Offset:14 [RegisterAgent+4^AIHubStudio.REST.AgentService.1]
 TEXT:         quit 1
ERROR: AIHubStudio.REST.AgentService.cls(RegisterAgent+8) #1043: QUIT argument not allowed : '(ex.DisplayString()))' : Offset:56 [RegisterAgent+7^AIHubStudio.REST.AgentService.1]
 TEXT:         quit $$Error^%apiOBJ(5001, (ex.DisplayString()))
ERROR: AIHubStudio.REST.AgentService.cls(SearchAgents+5) #1043: QUIT argument not allowed : '1' : Offset:14 [SearchAgents+4^AIHubStudio.REST.AgentService.1]
 TEXT:         quit 1
ERROR: AIHubStudio.REST.AgentService.cls(SearchAgents+8) #1043: QUIT argument not allowed : '(ex.DisplayString()))' : Offset:56 [SearchAgents+7^AIHubStudio.REST.AgentService.1]
 TEXT:         quit $$Error^%apiOBJ(5001, (ex.DisplayString()))
ERROR: AIHubStudio.REST.AgentService.cls(UpdateAgent+5) #1043: QUIT argument not allowed : '1' : Offset:14 [UpdateAgent+4^AIHubStudio.REST.AgentService.1]
 TEXT:         quit 1
ERROR: AIHubStudio.REST.AgentService.cls(UpdateAgent+8) #1043: QUIT argument not allowed : '(ex.DisplayString()))' : Offset:56 [UpdateAgent+7^AIHubStudio.REST.AgentService.1]
 TEXT:         quit $$Error^%apiOBJ(5001, (ex.DisplayString()))
Compiling routine AIHubStudio.REST.AgentMessageService.1
ERROR: AIHubStudio.REST.AgentMessageService.cls
ERROR:  AIHubStudio.REST.AgentMessageService.1(14) : MPP5610 : Referenced macro not defined: 'UUID'
 TEXT:         set conversationId = $$$UUID()
ERROR: AIHubStudio.REST.AgentMessageService.cls(SendMessage+9) #1043: QUIT argument not allowed : '"Agent not found")' : Offset:57 [SendMessage+7^AIHubStudio.REST.AgentMessageService.1]
 TEXT:             quit $$Error^%apiOBJ(5001, "Agent not found")
ERROR: AIHubStudio.REST.AgentMessageService.cls(SendMessage+19) #1043: QUIT argument not allowed : '"Failed to create agent")' : Offset:64 [SendMessage+15^AIHubStudio.REST.AgentMessageService.1]
 TEXT:             quit $$Error^%apiOBJ(5001, "Failed to create agent")
ERROR: AIHubStudio.REST.AgentMessageService.cls(SendMessage+26) #1043: QUIT argument not allowed : '"Failed to initialize agent")' : Offset:68 [SendMessage+21^AIHubStudio.REST.AgentMessageService.1]
 TEXT:             quit $$Error^%apiOBJ(5001, "Failed to initialize agent")
ERROR: AIHubStudio.REST.AgentMessageService.cls(SendMessage+41) #1043: QUIT argument not allowed : '1' : Offset:14 [SendMessage+33^AIHubStudio.REST.AgentMessageService.1]
 TEXT:         quit 1
ERROR: AIHubStudio.REST.AgentMessageService.cls(SendMessage+44) #1043: QUIT argument not allowed : '(ex.DisplayString()))' : Offset:56 [SendMessage+36^AIHubStudio.REST.AgentMessageService.1]
 TEXT:         quit $$Error^%apiOBJ(5001, (ex.DisplayString()))
ERROR: AIHubStudio.REST.AgentMessageService.cls(StartConversation+9) #1043: QUIT argument not allowed : '"Agent not found")' : Offset:57 [StartConversation+7^AIHubStudio.REST.AgentMessageService.1]
 TEXT:             quit $$Error^%apiOBJ(5001, "Agent not found")
ERROR: AIHubStudio.REST.AgentMessageService.cls(StartConversation+13) #1002: Invalid character in tag : '$$$UUID()' : Offset:32 [StartConversation+10^AIHubStudio.REST.AgentMessageService.1]
 TEXT:         set conversationId = $$$UUID()
ERROR: AIHubStudio.REST.AgentMessageService.cls(StartConversation+22) #1043: QUIT argument not allowed : '1' : Offset:14 [StartConversation+17^AIHubStudio.REST.AgentMessageService.1]
 TEXT:         quit 1
ERROR: AIHubStudio.REST.AgentMessageService.cls(StartConversation+25) #1043: QUIT argument not allowed : '(ex.DisplayString()))' : Offset:56 [StartConversation+20^AIHubStudio.REST.AgentMessageService.1]
 TEXT:         quit $$Error^%apiOBJ(5001, (ex.DisplayString()))
Compiling routine AIHubStudio.Config.1
Compiling routine Sample.Person.1
Compiling class Sample.Tools
Compiling routine Sample.Tools.1
Compiling class Sample.ToolSet
Compiling routine Sample.ToolSet.1
Detected 67 errors during compilation in 0.088s.

ERROR #5373: Class '%AI.Skill', used by 'AIHubStudio.Skill.BasicConversation:superclass', does not exist
Detected 68 errors during load.
2026-08-25 21:12:03 0 App.Installer: ERROR #16021: Illegal Header Line: from mcp.server.fastmcp import FastMCP
2026-08-25 21:12:03 0 App.Installer: Installation failed at 2026-08-25 21:12:03
2026-08-25 21:12:03 0 %Installer: Elapsed time .14502s

%SYS>

%SYS>

%SYS>

Building dependency graph...Done.
[%SYS|vscode-per-namespace-settings]	Initialize START
[%SYS|vscode-per-namespace-settings]	Initialize SUCCESS
[%SYS|vscode-per-namespace-settings]	Reload START (/usr/irissys/ipm/vscode-per-namespace-settings/1.0.0/)
[%SYS|vscode-per-namespace-settings]	Reload SUCCESS
[vscode-per-namespace-settings]	Module object refreshed.
[%SYS|vscode-per-namespace-settings]	Validate START
[%SYS|vscode-per-namespace-settings]	Validate SUCCESS
[%SYS|vscode-per-namespace-settings]	Compile START
[%SYS|vscode-per-namespace-settings]	Compile SUCCESS
[%SYS|vscode-per-namespace-settings]	Activate START
[%SYS|vscode-per-namespace-settings]	Configure START
Deleting class %Z.IPM.Bootstraps.Main
[%SYS|vscode-per-namespace-settings]	Configure SUCCESS
[%SYS|vscode-per-namespace-settings]	Activate SUCCESS
%SYS>

%SYS>

%SYS>

%SYS>

Node: df91fa130993, Instance: IRIS

USER>

%SYS>

%SYS>

%SYS>

%SYS>

%SYS>

%SYS>

%SYS>

%SYS>

%SYS>

%SYS>

%SYS>

Load started on 08/25/2026 22:12:06
Loading file /usr/irissys/mgr/Temp/S3Hc7Xtb8hsy4Q.xml as xml
Imported class: IPM.Installer
Compiling class IPM.Installer
Compiling routine IPM.Installer.1
Load finished successfully.

%SYS>

%SYS>

%SYS>

%SYS>

%SYS>

%SYS>

%SYS>

%SYS>

Version of IPM in current namespace: 
%SYS> [32mzpm [0m0.10.9

RUNNING command: "repo -delete-all"
[32mCommand "repo -delete-all" finished successfull[0m

RUNNING command: "repo -reset-defaults"
[33mWARNING: Using -password via the CLI is insecure. Use -password-stdin or -password-env.[0m
registry
	Source: 			https://pm.community.intersystems.com
	Enabled?			Yes
	Available?			Yes
	Use for Snapshots?		Yes
	Use for Prereleases?		Yes
	Is Read-Only?			No
	Default Deployment Registry? 	No

registry
	Source: 			https://pm.community.intersystems.com
	Enabled?			Yes
	Available?			Yes
	Use for Snapshots?		Yes
	Use for Prereleases?		Yes
	Is Read-Only?			No
	Default Deployment Registry? 	No

[32mCommand "repo -reset-defaults" finished successfull[0m

RUNNING command: "enable -map -repos -globally"
Version of IPM in current namespace: 
%SYS> [32mzpm [0m0.10.9
Skipping IPM mapping of %SYS - IPM already installed.
Mapping %IPM package in %SYS equivalently to AI_HUB_STUDIO
Mapping %IPM.* routines in %SYS equivalently to AI_HUB_STUDIO
Mapping %IPM package in %SYS equivalently to USER
Mapping %IPM.* routines in %SYS equivalently to USER
Skipping repository mapping of %SYS - IPM not mapped from source namespace.
Mapping IPM repository in %SYS equivalently to AI_HUB_STUDIO
Mapping IPM repository in %SYS equivalently to USER
Done.

[35m%SYS> [0m         [32mzpm[0m [39m0.10.9[0m
[35mAI_HUB_STUDIO> [0m[32mzpm[0m [39m0.10.9[0m
               [39mInstalled In: [0m%SYS 
[35mUSER> [0m         [32mzpm[0m [39m0.10.9[0m
               [39mInstalled In: [0m%SYS 
[39mhttps://pm.community.intersystems.com[0m - 1.0.0
[32mCommand "enable -map -repos -globally" finished successfull[0m
%SYS>

%SYS>

%SYS>

Load started on 08/25/2026 22:12:08
Loading file /home/irisowner/dev/App.Installer.cls as udl
Compiling class App.Installer
ERROR #6353: Unexpected attributes for element Import (ending at line 16 character 72): Exclude
  > ERROR #5490: Error running generator for method 'setup:App.Installer' 
ERROR: App.Installer.cls(setup) of generated code
    > ERROR #5030: An error occurred while compiling class 'App.Installer'
Compiling routine App.Installer.1
Detected 1 errors during load.

%SYS>

%SYS>

%SYS>

  Quit ##class(%Installer.Manifest).%Generate(%compiledclass, %code, "setup")
  ^
<UNDEFINED>setup+1^App.Installer.1 *%compiledclass
%SYS 2d1>

%SYS 2d1>

%SYS 2d1>

Building dependency graph...Done.
[%SYS|vscode-per-namespace-settings]	Initialize START
[%SYS|vscode-per-namespace-settings]	Initialize SUCCESS
[%SYS|vscode-per-namespace-settings]	Reload START (/usr/irissys/ipm/vscode-per-namespace-settings/1.0.0/)
[%SYS|vscode-per-namespace-settings]	Reload SUCCESS
[vscode-per-namespace-settings]	Module object refreshed.
[%SYS|vscode-per-namespace-settings]	Validate START
[%SYS|vscode-per-namespace-settings]	Validate SUCCESS
[%SYS|vscode-per-namespace-settings]	Compile START
[%SYS|vscode-per-namespace-settings]	Compile SUCCESS
[%SYS|vscode-per-namespace-settings]	Activate START
[%SYS|vscode-per-namespace-settings]	Configure START
Deleting class %Z.IPM.Bootstraps.Main
[%SYS|vscode-per-namespace-settings]	Configure SUCCESS
[%SYS|vscode-per-namespace-settings]	Activate SUCCESS
%SYS 2d1>

%SYS 2d1>

%SYS 2d1>

%SYS 2d1>

Node: fbc567aa6fd0, Instance: IRIS

USER>

%SYS>

%SYS>

%SYS>

%SYS>

%SYS>

%SYS>

%SYS>

%SYS>

%SYS>

%SYS>

%SYS>

Load started on 08/25/2026 22:20:35
Loading file /usr/irissys/mgr/Temp/oHuuQ5xlXPoXtA.xml as xml
Imported class: IPM.Installer
Compiling class IPM.Installer
Compiling routine IPM.Installer.1
Load finished successfully.

%SYS>

%SYS>

%SYS>

%SYS>

%SYS>

%SYS>

%SYS>

%SYS>

Version of IPM in current namespace: 
%SYS> [32mzpm [0m0.10.9

RUNNING command: "repo -delete-all"
[32mCommand "repo -delete-all" finished successfull[0m

RUNNING command: "repo -reset-defaults"
[33mWARNING: Using -password via the CLI is insecure. Use -password-stdin or -password-env.[0m
registry
	Source: 			https://pm.community.intersystems.com
	Enabled?			Yes
	Available?			Yes
	Use for Snapshots?		Yes
	Use for Prereleases?		Yes
	Is Read-Only?			No
	Default Deployment Registry? 	No

registry
	Source: 			https://pm.community.intersystems.com
	Enabled?			Yes
	Available?			Yes
	Use for Snapshots?		Yes
	Use for Prereleases?		Yes
	Is Read-Only?			No
	Default Deployment Registry? 	No

[32mCommand "repo -reset-defaults" finished successfull[0m

RUNNING command: "enable -map -repos -globally"
Version of IPM in current namespace: 
%SYS> [32mzpm [0m0.10.9
Skipping IPM mapping of %SYS - IPM already installed.
Mapping %IPM package in %SYS equivalently to AI_HUB_STUDIO
Mapping %IPM.* routines in %SYS equivalently to AI_HUB_STUDIO
Mapping %IPM package in %SYS equivalently to USER
Mapping %IPM.* routines in %SYS equivalently to USER
Skipping repository mapping of %SYS - IPM not mapped from source namespace.
Mapping IPM repository in %SYS equivalently to AI_HUB_STUDIO
Mapping IPM repository in %SYS equivalently to USER
Done.

[35m%SYS> [0m         [32mzpm[0m [39m0.10.9[0m
[35mAI_HUB_STUDIO> [0m[32mzpm[0m [39m0.10.9[0m
               [39mInstalled In: [0m%SYS 
[35mUSER> [0m         [32mzpm[0m [39m0.10.9[0m
               [39mInstalled In: [0m%SYS 
[39mhttps://pm.community.intersystems.com[0m - 1.0.0
[32mCommand "enable -map -repos -globally" finished successfull[0m
%SYS>

%SYS>

%SYS>

Load started on 08/25/2026 22:20:37
Loading file /home/irisowner/dev/App.Installer.cls as udl
Compiling class App.Installer
ERROR #6353: Unexpected attributes for element Import (ending at line 16 character 72): Exclude
  > ERROR #5490: Error running generator for method 'setup:App.Installer' 
ERROR: App.Installer.cls(setup) of generated code
    > ERROR #5030: An error occurred while compiling class 'App.Installer'
Compiling routine App.Installer.1
Detected 1 errors during load.

%SYS>

%SYS>

%SYS>

  Quit ##class(%Installer.Manifest).%Generate(%compiledclass, %code, "setup")
  ^
<UNDEFINED>setup+1^App.Installer.1 *%compiledclass
%SYS 2d1>

%SYS 2d1>

%SYS 2d1>

Building dependency graph...Done.
[%SYS|vscode-per-namespace-settings]	Initialize START
[%SYS|vscode-per-namespace-settings]	Initialize SUCCESS
[%SYS|vscode-per-namespace-settings]	Reload START (/usr/irissys/ipm/vscode-per-namespace-settings/1.0.0/)
[%SYS|vscode-per-namespace-settings]	Reload SUCCESS
[vscode-per-namespace-settings]	Module object refreshed.
[%SYS|vscode-per-namespace-settings]	Validate START
[%SYS|vscode-per-namespace-settings]	Validate SUCCESS
[%SYS|vscode-per-namespace-settings]	Compile START
[%SYS|vscode-per-namespace-settings]	Compile SUCCESS
[%SYS|vscode-per-namespace-settings]	Activate START
[%SYS|vscode-per-namespace-settings]	Configure START
Deleting class %Z.IPM.Bootstraps.Main
[%SYS|vscode-per-namespace-settings]	Configure SUCCESS
[%SYS|vscode-per-namespace-settings]	Activate SUCCESS
%SYS 2d1>

%SYS 2d1>

%SYS 2d1>

%SYS 2d1>

Node: 58146b6c8634, Instance: IRIS

USER>

%SYS>

%SYS>

%SYS>

%SYS>

%SYS>

%SYS>

%SYS>

%SYS>

%SYS>

%SYS>

%SYS>

Load started on 08/25/2026 22:22:12
Loading file /usr/irissys/mgr/Temp/Lgr3XjiZOuHseA.xml as xml
Imported class: IPM.Installer
Compiling class IPM.Installer
Compiling routine IPM.Installer.1
Load finished successfully.

%SYS>

%SYS>

%SYS>

%SYS>

%SYS>

%SYS>

%SYS>

%SYS>

Version of IPM in current namespace: 
%SYS> [32mzpm [0m0.10.9

RUNNING command: "repo -delete-all"
[32mCommand "repo -delete-all" finished successfull[0m

RUNNING command: "repo -reset-defaults"
[33mWARNING: Using -password via the CLI is insecure. Use -password-stdin or -password-env.[0m
registry
	Source: 			https://pm.community.intersystems.com
	Enabled?			Yes
	Available?			Yes
	Use for Snapshots?		Yes
	Use for Prereleases?		Yes
	Is Read-Only?			No
	Default Deployment Registry? 	No

registry
	Source: 			https://pm.community.intersystems.com
	Enabled?			Yes
	Available?			Yes
	Use for Snapshots?		Yes
	Use for Prereleases?		Yes
	Is Read-Only?			No
	Default Deployment Registry? 	No

[32mCommand "repo -reset-defaults" finished successfull[0m

RUNNING command: "enable -map -repos -globally"
Version of IPM in current namespace: 
%SYS> [32mzpm [0m0.10.9
Skipping IPM mapping of %SYS - IPM already installed.
Mapping %IPM package in %SYS equivalently to AI_HUB_STUDIO
Mapping %IPM.* routines in %SYS equivalently to AI_HUB_STUDIO
Mapping %IPM package in %SYS equivalently to USER
Mapping %IPM.* routines in %SYS equivalently to USER
Skipping repository mapping of %SYS - IPM not mapped from source namespace.
Mapping IPM repository in %SYS equivalently to AI_HUB_STUDIO
Mapping IPM repository in %SYS equivalently to USER
Done.

[35m%SYS> [0m         [32mzpm[0m [39m0.10.9[0m
[35mAI_HUB_STUDIO> [0m[32mzpm[0m [39m0.10.9[0m
               [39mInstalled In: [0m%SYS 
[35mUSER> [0m         [32mzpm[0m [39m0.10.9[0m
               [39mInstalled In: [0m%SYS 
[39mhttps://pm.community.intersystems.com[0m - 1.0.0
[32mCommand "enable -map -repos -globally" finished successfull[0m
%SYS>

%SYS>

%SYS>

Load started on 08/25/2026 22:22:14
Loading file /home/irisowner/dev/App.Installer.cls as udl
Compiling class App.Installer
Compiling routine App.Installer.1
Load finished successfully.

%SYS>

%SYS>

%SYS>
2026-08-25 22:22:14 0 App.Installer: Installation starting at 2026-08-25 22:22:14, LogLevel=3
2026-08-25 22:22:14 3 : Start manifest
2026-08-25 22:22:14 3 Evaluate: Working directory: #{$system.Process.CurrentDirectory()} -> Working directory: /usr/irissys/mgr/
2026-08-25 22:22:14 3 : Working directory: /usr/irissys/mgr/
2026-08-25 22:22:14 3 SetVariable: NAMESPACE=AI_HUB_STUDIO
2026-08-25 22:22:14 3 SetVariable: DBNAME=AI_HUB_STUDIO
2026-08-25 22:22:14 3 SetVariable: APPPATH=/usr/irissys/mgr/
2026-08-25 22:22:14 3 SetVariable: SOURCESPATH=/home/irisowner/dev/src/
2026-08-25 22:22:14 3 Evaluate: %DB_${DBNAME} -> %DB_AI_HUB_STUDIO
2026-08-25 22:22:14 3 SetVariable: RESOURCE=%DB_AI_HUB_STUDIO
2026-08-25 22:22:14 3 Evaluate: Importing source code into namespace ${NAMESPACE} -> Importing source code into namespace AI_HUB_STUDIO
2026-08-25 22:22:14 3 : Importing source code into namespace AI_HUB_STUDIO
2026-08-25 22:22:14 3 Evaluate: ${NAMESPACE} -> AI_HUB_STUDIO
2026-08-25 22:22:14 3 Evaluate: ${SOURCESPATH} -> /home/irisowner/dev/src/
2026-08-25 22:22:14 1 Import: Loading /home/irisowner/dev/src/ (isdir=1) into AI_HUB_STUDIO, recurse=1

Load of directory started on 08/25/2026 22:22:14

Loading file /home/irisowner/dev/src/AIHubStudio/Status.cls as udl
Loading file /home/irisowner/dev/src/AIHubStudio/Config.cls as udl
Loading file /home/irisowner/dev/src/AIHubStudio/Init.cls as udl
Loading file /home/irisowner/dev/src/AIHubStudio/Agent/HelloWorld.cls as udl
Loading file /home/irisowner/dev/src/AIHubStudio/Agent/Starter.cls as udl
Loading file /home/irisowner/dev/src/AIHubStudio/Agent/Registry.cls as udl
Loading file /home/irisowner/dev/src/AIHubStudio/Agent/MathHelper.cls as udl
Loading file /home/irisowner/dev/src/AIHubStudio/REST/AgentMessageService.cls as udl
Loading file /home/irisowner/dev/src/AIHubStudio/AIHubStudio.cls as udl
Loading file /home/irisowner/dev/src/AIHubStudio/REST/SkillService.cls as udl
Loading file /home/irisowner/dev/src/AIHubStudio/REST/ConfigService.cls as udl
Loading file /home/irisowner/dev/src/AIHubStudio/REST/ToolService.cls as udl
Loading file /home/irisowner/dev/src/AIHubStudio/Skill/BasicConversation.cls as udl
Loading file /home/irisowner/dev/src/AIHubStudio/Skill/Mathematics.cls as udl
Loading file /home/irisowner/dev/src/AIHubStudio/Skill/Registry.cls as udl
Loading file /home/irisowner/dev/src/AIHubStudio/REST/StatusService.cls as udl
Loading file /home/irisowner/dev/src/AIHubStudio/Agent/WeatherBot.cls as udl
Loading file /home/irisowner/dev/src/AIHubStudio/Agent/BaseAgent.cls as udl
Loading file /home/irisowner/dev/src/AIHubStudio/Skill/WeatherKnowledge.cls as udl
Loading file /home/irisowner/dev/src/AIHubStudio/Tests/StarterTest.cls as udl
Loading file /home/irisowner/dev/src/AIHubStudio/REST/StarterService.cls as udl
Loading file /home/irisowner/dev/src/AIHubStudio/REST/AgentService.cls as udl
Loading file /home/irisowner/dev/src/AIHubStudio/REST/WebGateway.cls as udl
Loading file /home/irisowner/dev/src/AIHubStudio/Tool/Calculator.cls as udl
Loading file /home/irisowner/dev/src/AIHubStudio/Tool/Registry.cls as udl
Loading file /home/irisowner/dev/src/AIHubStudio/Tool/WeatherAPI.cls as udl

Compilation started on 08/25/2026 22:22:14 with qualifiers 'ck'
Compiling 26 classes
Compiling class AIHubStudio.AIHubStudio
Compiling class AIHubStudio.Agent.Registry
Compiling class AIHubStudio.Agent.Starter
Compiling class AIHubStudio.Init
Compiling class AIHubStudio.Config
Compiling class AIHubStudio.Skill.Registry
Compiling class AIHubStudio.Status
Compiling class AIHubStudio.Tests.StarterTest
Compiling class AIHubStudio.Agent.BaseAgent
Compiling class AIHubStudio.Tool.Calculator
Compiling class AIHubStudio.Tool.Registry
Compiling class AIHubStudio.Tool.WeatherAPI
Compiling class AIHubStudio.Skill.BasicConversation
Compiling class AIHubStudio.Skill.Mathematics
Compiling class AIHubStudio.Skill.WeatherKnowledge
Compiling class AIHubStudio.REST.AgentService
Compiling class AIHubStudio.REST.AgentMessageService
Compiling class AIHubStudio.REST.ToolService
Compiling class AIHubStudio.REST.SkillService
Compiling class AIHubStudio.REST.StatusService
Compiling class AIHubStudio.REST.StarterService
Compiling class AIHubStudio.REST.ConfigService
Compiling class AIHubStudio.REST.WebGateway
ERROR #8701: Dispatch Map Schema Validation Failed
  > ERROR #5490: Error running generator for method 'SupportedVerbs:AIHubStudio.REST.WebGateway' 
ERROR: %CSP.REST.cls(SupportedVerbs) of generated code compiling subclass 'AIHubStudio.REST.WebGateway'
ERROR #5001: attribute 'Class' is not declared for element 'Route'
  > ERROR #5490: Error running generator for method 'SupportedVerbs:AIHubStudio.REST.WebGateway' 
ERROR: %CSP.REST.cls(SupportedVerbs) of generated code compiling subclass 'AIHubStudio.REST.WebGateway'
ERROR #5001: attribute 'Class' is not declared for element 'Route'
  > ERROR #5490: Error running generator for method 'SupportedVerbs:AIHubStudio.REST.WebGateway' 
ERROR: %CSP.REST.cls(SupportedVerbs) of generated code compiling subclass 'AIHubStudio.REST.WebGateway'
ERROR #5001: attribute 'Class' is not declared for element 'Route'
  > ERROR #5490: Error running generator for method 'SupportedVerbs:AIHubStudio.REST.WebGateway' 
ERROR: %CSP.REST.cls(SupportedVerbs) of generated code compiling subclass 'AIHubStudio.REST.WebGateway'
ERROR #5001: attribute 'Class' is not declared for element 'Route'
  > ERROR #5490: Error running generator for method 'SupportedVerbs:AIHubStudio.REST.WebGateway' 
ERROR: %CSP.REST.cls(SupportedVerbs) of generated code compiling subclass 'AIHubStudio.REST.WebGateway'
ERROR #5001: attribute 'Class' is not declared for element 'Route'
  > ERROR #5490: Error running generator for method 'SupportedVerbs:AIHubStudio.REST.WebGateway' 
ERROR: %CSP.REST.cls(SupportedVerbs) of generated code compiling subclass 'AIHubStudio.REST.WebGateway'
ERROR #5001: attribute 'Class' is not declared for element 'Route'
  > ERROR #5490: Error running generator for method 'SupportedVerbs:AIHubStudio.REST.WebGateway' 
ERROR: %CSP.REST.cls(SupportedVerbs) of generated code compiling subclass 'AIHubStudio.REST.WebGateway'
ERROR #5001: attribute 'Class' is not declared for element 'Route'
  > ERROR #5490: Error running generator for method 'SupportedVerbs:AIHubStudio.REST.WebGateway' 
ERROR: %CSP.REST.cls(SupportedVerbs) of generated code compiling subclass 'AIHubStudio.REST.WebGateway'
ERROR #5001: attribute 'Class' is not declared for element 'Route'
  > ERROR #5490: Error running generator for method 'SupportedVerbs:AIHubStudio.REST.WebGateway' 
ERROR: %CSP.REST.cls(SupportedVerbs) of generated code compiling subclass 'AIHubStudio.REST.WebGateway'
ERROR #5001: attribute 'Class' is not declared for element 'Route'
ERROR #5001: attribute 'Class' is not declared for element 'Route'
ERROR #5001: attribute 'Class' is not declared for element 'Route'
ERROR #5001: attribute 'Class' is not declared for element 'Route'
ERROR #5001: attribute 'Class' is not declared for element 'Route'
ERROR #5001: attribute 'Class' is not declared for element 'Route'
ERROR #5001: attribute 'Class' is not declared for element 'Route'
ERROR #5001: attribute 'Class' is not declared for element 'Route'
ERROR #5001: attribute 'Class' is not declared for element 'Route'
ERROR #5001: attribute 'Class' is not declared for element 'Route'
ERROR #5001: attribute 'Class' is not declared for element 'Route'
ERROR #5001: attribute 'Class' is not declared for element 'Route'
ERROR #5001: attribute 'Class' is not declared for element 'Route'
ERROR #5001: attribute 'Class' is not declared for element 'Route'
ERROR #5001: attribute 'Class' is not declared for element 'Route'
ERROR #5001: attribute 'Class' is not declared for element 'Route'
ERROR #5001: attribute 'Class' is not declared for element 'Route'
ERROR #5001: attribute 'Class' is not declared for element 'Route'
ERROR #5001: attribute 'Class' is not declared for element 'Route'
ERROR #5001: attribute 'Class' is not declared for element 'Route'
ERROR #5001: attribute 'Class' is not declared for element 'Route'
ERROR #5001: attribute 'Class' is not declared for element 'Route'
ERROR #5001: attribute 'Class' is not declared for element 'Route'
ERROR #5001: attribute 'Class' is not declared for element 'Route'
ERROR #5001: attribute 'Class' is not declared for element 'Route'
ERROR #5001: attribute 'Class' is not declared for element 'Route'
ERROR #5001: attribute 'Class' is not declared for element 'Route'
ERROR #5001: attribute 'Class' is not declared for element 'Route'
ERROR #5001: attribute 'Class' is not declared for element 'Route'
ERROR #5001: attribute 'Class' is not declared for element 'Route'
ERROR #5001: attribute 'Class' is not declared for element 'Route'
ERROR #5001: attribute 'Class' is not declared for element 'Route'
ERROR #8701: Dispatch Map Schema Validation Failed
  > ERROR #5490: Error running generator for method 'DispatchMap:AIHubStudio.REST.WebGateway' 
ERROR: %CSP.REST.cls(DispatchMap) of generated code compiling subclass 'AIHubStudio.REST.WebGateway'
ERROR #5001: attribute 'Class' is not declared for element 'Route'
  > ERROR #5490: Error running generator for method 'DispatchMap:AIHubStudio.REST.WebGateway' 
ERROR: %CSP.REST.cls(DispatchMap) of generated code compiling subclass 'AIHubStudio.REST.WebGateway'
ERROR #5017: Too many errors
Compiling class AIHubStudio.Agent.HelloWorld
Compiling class AIHubStudio.Agent.MathHelper
Compiling class AIHubStudio.Agent.WeatherBot
Compiling routine AIHubStudio.AIHubStudio.1
Compiling routine AIHubStudio.Init.1
Compiling routine AIHubStudio.Agent.Starter.1
Compiling routine AIHubStudio.Status.1
Compiling routine AIHubStudio.Skill.WeatherKnowledge.1
Compiling routine AIHubStudio.Tool.Calculator.1
Compiling routine AIHubStudio.Skill.BasicConversation.1
Compiling routine AIHubStudio.Skill.Registry.1
Compiling routine AIHubStudio.Skill.Mathematics.1
Compiling routine AIHubStudio.Tests.StarterTest.1
Compiling routine AIHubStudio.REST.WebGateway.1
Compiling routine AIHubStudio.REST.AgentMessageService.1
Compiling routine AIHubStudio.REST.AgentService.1
Compiling routine AIHubStudio.Tool.Registry.1
Compiling routine AIHubStudio.Agent.Registry.1
Compiling routine AIHubStudio.REST.SkillService.1
Compiling routine AIHubStudio.Tool.WeatherAPI.1
Compiling routine AIHubStudio.Config.1
Compiling routine AIHubStudio.REST.StatusService.1
ERROR: AIHubStudio.REST.StatusService.cls(CheckDatabase+5) #1043: QUIT argument not allowed : '1' : Offset:14 [CheckDatabase+4^AIHubStudio.REST.StatusService.1]
 TEXT:         quit 1
ERROR: AIHubStudio.REST.StatusService.cls(CheckDatabase+8) #1043: QUIT argument not allowed : '(ex.DisplayString())))' : Offset:59 [CheckDatabase+7^AIHubStudio.REST.StatusService.1]
 TEXT:         quit $$Error^%apiOBJ(5001, ( (ex.DisplayString())))
ERROR: AIHubStudio.REST.StatusService.cls(GetDetailedStatus+5) #1043: QUIT argument not allowed : '1' : Offset:14 [GetDetailedStatus+4^AIHubStudio.REST.StatusService.1]
 TEXT:         quit 1
ERROR: AIHubStudio.REST.StatusService.cls(GetDetailedStatus+8) #1043: QUIT argument not allowed : '(ex.DisplayString())))' : Offset:59 [GetDetailedStatus+7^AIHubStudio.REST.StatusService.1]
 TEXT:         quit $$Error^%apiOBJ(5001, ( (ex.DisplayString())))
ERROR: AIHubStudio.REST.StatusService.cls(GetStatus+5) #1043: QUIT argument not allowed : '1' : Offset:14 [GetStatus+4^AIHubStudio.REST.StatusService.1]
 TEXT:         quit 1
ERROR: AIHubStudio.REST.StatusService.cls(GetStatus+8) #1043: QUIT argument not allowed : '(ex.DisplayString())))' : Offset:59 [GetStatus+7^AIHubStudio.REST.StatusService.1]
 TEXT:         quit $$Error^%apiOBJ(5001, ( (ex.DisplayString())))
Compiling routine AIHubStudio.REST.ConfigService.1
Compiling routine AIHubStudio.REST.StarterService.1
ERROR: AIHubStudio.REST.StarterService.cls(CreateAgentFromTemplate+7) #1043: QUIT argument not allowed : '"Failed to create agent")' : Offset:64 [CreateAgentFromTemplate+5^AIHubStudio.REST.StarterService.1]
 TEXT:             quit $$Error^%apiOBJ(5001, "Failed to create agent")
ERROR: AIHubStudio.REST.StarterService.cls(CreateAgentFromTemplate+11) #1043: QUIT argument not allowed : '1' : Offset:14 [CreateAgentFromTemplate+8^AIHubStudio.REST.StarterService.1]
 TEXT:         quit 1
ERROR: AIHubStudio.REST.StarterService.cls(CreateAgentFromTemplate+14) #1043: QUIT argument not allowed : '(ex.DisplayString()))' : Offset:56 [CreateAgentFromTemplate+11^AIHubStudio.REST.StarterService.1]
 TEXT:         quit $$Error^%apiOBJ(5001, (ex.DisplayString()))
ERROR: AIHubStudio.REST.StarterService.cls(GetExampleConversation+5) #1043: QUIT argument not allowed : '1' : Offset:14 [GetExampleConversation+4^AIHubStudio.REST.StarterService.1]
 TEXT:         quit 1
ERROR: AIHubStudio.REST.StarterService.cls(GetExampleConversation+8) #1043: QUIT argument not allowed : '(ex.DisplayString()))' : Offset:56 [GetExampleConversation+7^AIHubStudio.REST.StarterService.1]
 TEXT:         quit $$Error^%apiOBJ(5001, (ex.DisplayString()))
ERROR: AIHubStudio.REST.StarterService.cls(GetStarterGuide+5) #1043: QUIT argument not allowed : '1' : Offset:14 [GetStarterGuide+4^AIHubStudio.REST.StarterService.1]
 TEXT:         quit 1
ERROR: AIHubStudio.REST.StarterService.cls(GetStarterGuide+8) #1043: QUIT argument not allowed : '(ex.DisplayString()))' : Offset:56 [GetStarterGuide+7^AIHubStudio.REST.StarterService.1]
 TEXT:         quit $$Error^%apiOBJ(5001, (ex.DisplayString()))
ERROR: AIHubStudio.REST.StarterService.cls(GetTemplate+5) #1043: QUIT argument not allowed : '1' : Offset:14 [GetTemplate+4^AIHubStudio.REST.StarterService.1]
 TEXT:         quit 1
ERROR: AIHubStudio.REST.StarterService.cls(GetTemplate+8) #1043: QUIT argument not allowed : '(ex.DisplayString()))' : Offset:56 [GetTemplate+7^AIHubStudio.REST.StarterService.1]
 TEXT:         quit $$Error^%apiOBJ(5001, (ex.DisplayString()))
ERROR: AIHubStudio.REST.StarterService.cls(GetTemplates+5) #1043: QUIT argument not allowed : '1' : Offset:14 [GetTemplates+4^AIHubStudio.REST.StarterService.1]
 TEXT:         quit 1
ERROR: AIHubStudio.REST.StarterService.cls(GetTemplates+8) #1043: QUIT argument not allowed : '(ex.DisplayString()))' : Offset:56 [GetTemplates+7^AIHubStudio.REST.StarterService.1]
 TEXT:         quit $$Error^%apiOBJ(5001, (ex.DisplayString()))
Compiling routine AIHubStudio.Agent.BaseAgent.1
Compiling routine AIHubStudio.REST.ToolService.1
ERROR: AIHubStudio.REST.ToolService.cls(DeleteTool+5) #1043: QUIT argument not allowed : '1' : Offset:14 [DeleteTool+4^AIHubStudio.REST.ToolService.1]
 TEXT:         quit 1
ERROR: AIHubStudio.REST.ToolService.cls(DeleteTool+8) #1043: QUIT argument not allowed : '(ex.DisplayString()))' : Offset:56 [DeleteTool+7^AIHubStudio.REST.ToolService.1]
 TEXT:         quit $$Error^%apiOBJ(5001, (ex.DisplayString()))
ERROR: AIHubStudio.REST.ToolService.cls(GetTool+5) #1043: QUIT argument not allowed : '1' : Offset:14 [GetTool+4^AIHubStudio.REST.ToolService.1]
 TEXT:         quit 1
ERROR: AIHubStudio.REST.ToolService.cls(GetTool+8) #1043: QUIT argument not allowed : '(ex.DisplayString()))' : Offset:56 [GetTool+7^AIHubStudio.REST.ToolService.1]
 TEXT:         quit $$Error^%apiOBJ(5001, (ex.DisplayString()))
ERROR: AIHubStudio.REST.ToolService.cls(ListTools+5) #1043: QUIT argument not allowed : '1' : Offset:14 [ListTools+4^AIHubStudio.REST.ToolService.1]
 TEXT:         quit 1
ERROR: AIHubStudio.REST.ToolService.cls(ListTools+8) #1043: QUIT argument not allowed : '(ex.DisplayString()))' : Offset:56 [ListTools+7^AIHubStudio.REST.ToolService.1]
 TEXT:         quit $$Error^%apiOBJ(5001, (ex.DisplayString()))
ERROR: AIHubStudio.REST.ToolService.cls(RegisterTool+5) #1043: QUIT argument not allowed : '1' : Offset:14 [RegisterTool+4^AIHubStudio.REST.ToolService.1]
 TEXT:         quit 1
ERROR: AIHubStudio.REST.ToolService.cls(RegisterTool+8) #1043: QUIT argument not allowed : '(ex.DisplayString()))' : Offset:56 [RegisterTool+7^AIHubStudio.REST.ToolService.1]
 TEXT:         quit $$Error^%apiOBJ(5001, (ex.DisplayString()))
ERROR: AIHubStudio.REST.ToolService.cls(SearchTools+5) #1043: QUIT argument not allowed : '1' : Offset:14 [SearchTools+4^AIHubStudio.REST.ToolService.1]
 TEXT:         quit 1
ERROR: AIHubStudio.REST.ToolService.cls(SearchTools+8) #1043: QUIT argument not allowed : '(ex.DisplayString()))' : Offset:56 [SearchTools+7^AIHubStudio.REST.ToolService.1]
 TEXT:         quit $$Error^%apiOBJ(5001, (ex.DisplayString()))
ERROR: AIHubStudio.REST.ToolService.cls(UpdateTool+5) #1043: QUIT argument not allowed : '1' : Offset:14 [UpdateTool+4^AIHubStudio.REST.ToolService.1]
 TEXT:         quit 1
ERROR: AIHubStudio.REST.ToolService.cls(UpdateTool+8) #1043: QUIT argument not allowed : '(ex.DisplayString()))' : Offset:56 [UpdateTool+7^AIHubStudio.REST.ToolService.1]
 TEXT:         quit $$Error^%apiOBJ(5001, (ex.DisplayString()))
Compiling routine AIHubStudio.Agent.HelloWorld.1
Compiling routine AIHubStudio.Agent.MathHelper.1
Compiling routine AIHubStudio.Agent.WeatherBot.1
Detected 111 errors during compilation in 0.112s.

ERROR #8701: Dispatch Map Schema Validation Failed
  > ERROR #5490: Error running generator for method 'SupportedVerbs:AIHubStudio.REST.WebGateway' 
ERROR: %CSP.REST.cls(SupportedVerbs) of generated code compiling subclass 'AIHubStudio.REST.WebGateway'
Detected 111 errors during load.
2026-08-25 22:22:14 0 App.Installer: ERROR #8701: Dispatch Map Schema Validation Failed
  > ERROR #5490: Error running generator for method 'SupportedVerbs:AIHubStudio.REST.WebGateway' 
ERROR: %CSP.REST.cls(SupportedVerbs) of generated code compiling subclass 'AIHubStudio.REST.WebGateway'
2026-08-25 22:22:14 0 App.Installer: Installation failed at 2026-08-25 22:22:14
2026-08-25 22:22:14 0 %Installer: Elapsed time .16328s

%SYS>

%SYS>

%SYS>

Building dependency graph...Done.
[%SYS|vscode-per-namespace-settings]	Initialize START
[%SYS|vscode-per-namespace-settings]	Initialize SUCCESS
[%SYS|vscode-per-namespace-settings]	Reload START (/usr/irissys/ipm/vscode-per-namespace-settings/1.0.0/)
[%SYS|vscode-per-namespace-settings]	Reload SUCCESS
[vscode-per-namespace-settings]	Module object refreshed.
[%SYS|vscode-per-namespace-settings]	Validate START
[%SYS|vscode-per-namespace-settings]	Validate SUCCESS
[%SYS|vscode-per-namespace-settings]	Compile START
[%SYS|vscode-per-namespace-settings]	Compile SUCCESS
[%SYS|vscode-per-namespace-settings]	Activate START
[%SYS|vscode-per-namespace-settings]	Configure START
Deleting class %Z.IPM.Bootstraps.Main
[%SYS|vscode-per-namespace-settings]	Configure SUCCESS
[%SYS|vscode-per-namespace-settings]	Activate SUCCESS
%SYS>

%SYS>

%SYS>

%SYS>

Node: 2dbb86a68c01, Instance: IRIS

USER>

%SYS>

%SYS>

%SYS>

%SYS>

%SYS>

%SYS>

%SYS>

%SYS>

%SYS>

%SYS>

%SYS>

Load started on 08/25/2026 22:30:01
Loading file /usr/irissys/mgr/Temp/e2yj5nuVLFyAJw.xml as xml
Imported class: IPM.Installer
Compiling class IPM.Installer
Compiling routine IPM.Installer.1
Load finished successfully.

%SYS>

%SYS>

%SYS>

%SYS>

%SYS>

%SYS>

%SYS>

%SYS>

Version of IPM in current namespace: 
%SYS> [32mzpm [0m0.10.9

RUNNING command: "repo -delete-all"
[32mCommand "repo -delete-all" finished successfull[0m

RUNNING command: "repo -reset-defaults"
[33mWARNING: Using -password via the CLI is insecure. Use -password-stdin or -password-env.[0m
registry
	Source: 			https://pm.community.intersystems.com
	Enabled?			Yes
	Available?			Yes
	Use for Snapshots?		Yes
	Use for Prereleases?		Yes
	Is Read-Only?			No
	Default Deployment Registry? 	No

registry
	Source: 			https://pm.community.intersystems.com
	Enabled?			Yes
	Available?			Yes
	Use for Snapshots?		Yes
	Use for Prereleases?		Yes
	Is Read-Only?			No
	Default Deployment Registry? 	No

[32mCommand "repo -reset-defaults" finished successfull[0m

RUNNING command: "enable -map -repos -globally"
Version of IPM in current namespace: 
%SYS> [32mzpm [0m0.10.9
Skipping IPM mapping of %SYS - IPM already installed.
Mapping %IPM package in %SYS equivalently to AI_HUB_STUDIO
Mapping %IPM.* routines in %SYS equivalently to AI_HUB_STUDIO
Mapping %IPM package in %SYS equivalently to USER
Mapping %IPM.* routines in %SYS equivalently to USER
Skipping repository mapping of %SYS - IPM not mapped from source namespace.
Mapping IPM repository in %SYS equivalently to AI_HUB_STUDIO
Mapping IPM repository in %SYS equivalently to USER
Done.

[35m%SYS> [0m         [32mzpm[0m [39m0.10.9[0m
[35mAI_HUB_STUDIO> [0m[32mzpm[0m [39m0.10.9[0m
               [39mInstalled In: [0m%SYS 
[35mUSER> [0m         [32mzpm[0m [39m0.10.9[0m
               [39mInstalled In: [0m%SYS 
[39mhttps://pm.community.intersystems.com[0m - 1.0.0
[32mCommand "enable -map -repos -globally" finished successfull[0m
%SYS>

%SYS>

%SYS>

Load started on 08/25/2026 22:30:03
Loading file /home/irisowner/dev/App.Installer.cls as udl
Compiling class App.Installer
Compiling routine App.Installer.1
Load finished successfully.

%SYS>

%SYS>

%SYS>
2026-08-25 22:30:03 0 App.Installer: Installation starting at 2026-08-25 22:30:03, LogLevel=3
2026-08-25 22:30:03 3 : Start manifest
2026-08-25 22:30:03 3 Evaluate: Working directory: #{$system.Process.CurrentDirectory()} -> Working directory: /usr/irissys/mgr/
2026-08-25 22:30:03 3 : Working directory: /usr/irissys/mgr/
2026-08-25 22:30:03 3 SetVariable: NAMESPACE=AI_HUB_STUDIO
2026-08-25 22:30:03 3 SetVariable: DBNAME=AI_HUB_STUDIO
2026-08-25 22:30:03 3 SetVariable: APPPATH=/usr/irissys/mgr/
2026-08-25 22:30:03 3 SetVariable: SOURCESPATH=/home/irisowner/dev/src/
2026-08-25 22:30:03 3 Evaluate: %DB_${DBNAME} -> %DB_AI_HUB_STUDIO
2026-08-25 22:30:03 3 SetVariable: RESOURCE=%DB_AI_HUB_STUDIO
2026-08-25 22:30:03 3 Evaluate: Importing source code into namespace ${NAMESPACE} -> Importing source code into namespace AI_HUB_STUDIO
2026-08-25 22:30:03 3 : Importing source code into namespace AI_HUB_STUDIO
2026-08-25 22:30:03 3 Evaluate: ${NAMESPACE} -> AI_HUB_STUDIO
2026-08-25 22:30:03 3 Evaluate: ${SOURCESPATH} -> /home/irisowner/dev/src/
2026-08-25 22:30:03 1 Import: Loading /home/irisowner/dev/src/ (isdir=1) into AI_HUB_STUDIO, recurse=1

Load of directory started on 08/25/2026 22:30:03

Loading file /home/irisowner/dev/src/AIHubStudio/Status.cls as udl
Loading file /home/irisowner/dev/src/AIHubStudio/AIHubStudio.cls as udl
Loading file /home/irisowner/dev/src/AIHubStudio/Init.cls as udl
Loading file /home/irisowner/dev/src/AIHubStudio/Agent/BaseAgent.cls as udl
Loading file /home/irisowner/dev/src/AIHubStudio/Agent/MathHelper.cls as udl
Loading file /home/irisowner/dev/src/AIHubStudio/Agent/HelloWorld.cls as udl
Loading file /home/irisowner/dev/src/AIHubStudio/Agent/Starter.cls as udl
Loading file /home/irisowner/dev/src/AIHubStudio/Agent/Registry.cls as udl
Loading file /home/irisowner/dev/src/AIHubStudio/Config.cls as udl
Loading file /home/irisowner/dev/src/AIHubStudio/Agent/WeatherBot.cls as udl
Loading file /home/irisowner/dev/src/AIHubStudio/REST/AgentService.cls as udl
Loading file /home/irisowner/dev/src/AIHubStudio/REST/ToolService.cls as udl
Loading file /home/irisowner/dev/src/AIHubStudio/REST/ConfigService.cls as udl
Loading file /home/irisowner/dev/src/AIHubStudio/Skill/BasicConversation.cls as udl
Loading file /home/irisowner/dev/src/AIHubStudio/REST/WebGateway.cls as udl
Loading file /home/irisowner/dev/src/AIHubStudio/REST/SkillService.cls as udl
Loading file /home/irisowner/dev/src/AIHubStudio/Skill/Registry.cls as udl
Loading file /home/irisowner/dev/src/AIHubStudio/REST/StatusService.cls as udl
Loading file /home/irisowner/dev/src/AIHubStudio/REST/StarterService.cls as udl
Loading file /home/irisowner/dev/src/AIHubStudio/Skill/WeatherKnowledge.cls as udl
Loading file /home/irisowner/dev/src/AIHubStudio/Tests/StarterTest.cls as udl
Loading file /home/irisowner/dev/src/AIHubStudio/Tool/Calculator.cls as udl
Loading file /home/irisowner/dev/src/AIHubStudio/Tool/Registry.cls as udl
Loading file /home/irisowner/dev/src/AIHubStudio/REST/AgentMessageService.cls as udl
Loading file /home/irisowner/dev/src/AIHubStudio/Tool/WeatherAPI.cls as udl
Loading file /home/irisowner/dev/src/AIHubStudio/Skill/Mathematics.cls as udl

Compilation started on 08/25/2026 22:30:03 with qualifiers 'ck'
Compiling 26 classes
Compiling class AIHubStudio.AIHubStudio
Compiling class AIHubStudio.Agent.Registry
Compiling class AIHubStudio.Agent.Starter
Compiling class AIHubStudio.Init
Compiling class AIHubStudio.Config
Compiling class AIHubStudio.Agent.BaseAgent
Compiling class AIHubStudio.Skill.Registry
Compiling class AIHubStudio.Status
Compiling class AIHubStudio.Tests.StarterTest
Compiling class AIHubStudio.Tool.Calculator
Compiling class AIHubStudio.Tool.Registry
Compiling class AIHubStudio.Tool.WeatherAPI
Compiling class AIHubStudio.Skill.Mathematics
Compiling class AIHubStudio.Skill.BasicConversation
Compiling class AIHubStudio.Skill.WeatherKnowledge
Compiling class AIHubStudio.REST.SkillService
Compiling class AIHubStudio.REST.StatusService
Compiling class AIHubStudio.REST.AgentMessageService
Compiling class AIHubStudio.REST.ToolService
Compiling class AIHubStudio.REST.StarterService
Compiling class AIHubStudio.REST.AgentService
Compiling class AIHubStudio.REST.ConfigService
Compiling class AIHubStudio.REST.WebGateway
Compiling class AIHubStudio.Agent.WeatherBot
Compiling class AIHubStudio.Agent.HelloWorld
Compiling class AIHubStudio.Agent.MathHelper
Compiling routine AIHubStudio.AIHubStudio.1
Compiling routine AIHubStudio.Init.1
Compiling routine AIHubStudio.Agent.Starter.1
Compiling routine AIHubStudio.REST.AgentMessageService.1
Compiling routine AIHubStudio.REST.AgentService.1
Compiling routine AIHubStudio.REST.SkillService.1
Compiling routine AIHubStudio.REST.StatusService.1
Compiling routine AIHubStudio.Agent.Registry.1
Compiling routine AIHubStudio.Config.1
Compiling routine AIHubStudio.Tests.StarterTest.1
Compiling routine AIHubStudio.Tool.Calculator.1
Compiling routine AIHubStudio.Status.1
Compiling routine AIHubStudio.Skill.BasicConversation.1
Compiling routine AIHubStudio.Skill.WeatherKnowledge.1
Compiling routine AIHubStudio.Tool.Registry.1
Compiling routine AIHubStudio.Tool.WeatherAPI.1
Compiling routine AIHubStudio.REST.StarterService.1
Compiling routine AIHubStudio.REST.ToolService.1
Compiling routine AIHubStudio.Skill.Mathematics.1
Compiling routine AIHubStudio.REST.ConfigService.1
Compiling routine AIHubStudio.REST.WebGateway.1
Compiling routine AIHubStudio.Skill.Registry.1
Compiling routine AIHubStudio.Agent.BaseAgent.1
Compiling routine AIHubStudio.Agent.HelloWorld.1
Compiling routine AIHubStudio.Agent.WeatherBot.1
Compiling routine AIHubStudio.Agent.MathHelper.1
Compilation finished successfully in 0.083s.

Load finished successfully.
2026-08-25 22:30:03 3 Evaluate: ${NAMESPACE} -> AI_HUB_STUDIO

Creating Web application "/ai-hub/api/studio"...
Web application "/ai-hub/api/studio" is created.
2026-08-25 22:30:03 3 : End manifest
2026-08-25 22:30:03 0 App.Installer: Installation succeeded at 2026-08-25 22:30:03
2026-08-25 22:30:03 0 %Installer: Elapsed time .152561s

%SYS>

%SYS>

%SYS>

Building dependency graph...Done.
[%SYS|vscode-per-namespace-settings]	Initialize START
[%SYS|vscode-per-namespace-settings]	Initialize SUCCESS
[%SYS|vscode-per-namespace-settings]	Reload START (/usr/irissys/ipm/vscode-per-namespace-settings/1.0.0/)
[%SYS|vscode-per-namespace-settings]	Reload SUCCESS
[vscode-per-namespace-settings]	Module object refreshed.
[%SYS|vscode-per-namespace-settings]	Validate START
[%SYS|vscode-per-namespace-settings]	Validate SUCCESS
[%SYS|vscode-per-namespace-settings]	Compile START
[%SYS|vscode-per-namespace-settings]	Compile SUCCESS
[%SYS|vscode-per-namespace-settings]	Activate START
[%SYS|vscode-per-namespace-settings]	Configure START
Deleting class %Z.IPM.Bootstraps.Main
[%SYS|vscode-per-namespace-settings]	Configure SUCCESS
[%SYS|vscode-per-namespace-settings]	Activate SUCCESS
%SYS>

%SYS>

%SYS>

%SYS>
